id,gemini_recall,qwq_recall,delta,gemini_hit,qwq_hit,n_gt,qwq_n_gt,same_gt_steps,hit_step_agree,hit_step_disagree,gemini_pred_steps,qwq_pred_steps,gemini_eff,qwq_eff
PMC11298319,0.4,1.0,0.6,2,7,5,7,False,0,0,7,10,1.0,0.9
PMC11312071,0.0,1.0,1.0,0,10,5,10,False,0,0,7,10,0.7142857142857143,0.9
PMC11312185,0.3333333333333333,0.0,-0.3333333333333333,1,0,3,3,True,2,1,7,10,1.0,0.4
PMC11321471,0.0,1.0,1.0,0,6,7,6,False,0,0,6,9,1.0,0.7777777777777778
PMC11331560,0.0,0.3333333333333333,0.3333333333333333,0,2,7,6,False,0,0,7,10,1.0,0.6
PMC11333776,0.1,0.7,0.6,1,7,10,10,False,0,0,7,10,0.42857142857142855,1.0
PMC11340269,0.4,0.2,-0.2,2,1,5,5,True,4,1,7,10,1.0,0.6
PMC11342857,0.375,0.875,0.5,3,7,8,8,False,0,0,10,10,1.0,0.9
PMC11342873,0.2857142857142857,1.0,0.7142857142857143,2,7,7,7,False,0,0,4,10,1.0,0.3
PMC11344579,0.6666666666666666,0.7142857142857143,0.04761904761904767,4,5,6,7,False,0,0,7,8,1.0,0.75
PMC11346820,0.42857142857142855,1.0,0.5714285714285714,3,6,7,6,False,0,0,7,10,0.8571428571428571,0.8
PMC11347276,0.4,1.0,0.6,2,6,5,6,False,0,0,5,10,1.0,0.7
PMC11348727,0.14285714285714285,0.14285714285714285,0.0,1,1,7,7,True,5,2,10,10,1.0,0.7
PMC11350315,0.2222222222222222,0.7,0.47777777777777775,2,7,9,10,False,0,0,6,9,1.0,0.7777777777777778
PMC11350480,0.375,0.5,0.125,3,4,8,8,False,0,0,7,10,1.0,0.8
PMC11351560,0.5,0.8333333333333334,0.33333333333333337,3,5,6,6,False,0,0,5,10,1.0,0.9
PMC11352534,0.2857142857142857,1.0,0.7142857142857143,2,6,7,6,False,0,0,5,10,0.6,0.8
PMC11352849,0.5555555555555556,1.0,0.4444444444444444,5,8,9,8,False,0,0,9,10,1.0,0.7
PMC11352915,0.7142857142857143,1.0,0.2857142857142857,5,10,7,10,False,0,0,9,10,0.8888888888888888,1.0
PMC11353823,0.0,0.8888888888888888,0.8888888888888888,0,8,10,9,False,0,0,9,10,0.8888888888888888,1.0
PMC11353925,0.3333333333333333,0.75,0.4166666666666667,3,6,9,8,False,0,0,7,10,0.8571428571428571,1.0
PMC11353973,0.1111111111111111,1.0,0.8888888888888888,1,6,9,6,False,0,0,10,10,0.9,0.8
PMC11354799,0.7142857142857143,1.0,0.2857142857142857,5,7,7,7,False,0,0,5,10,1.0,0.7
PMC11355980,0.2,1.0,0.8,2,9,10,9,False,0,0,5,7,1.0,1.0
PMC11356015,0.2857142857142857,0.9,0.6142857142857143,2,9,7,10,False,0,0,7,10,1.0,0.9
PMC11356772,0.4,0.6666666666666666,0.2666666666666666,4,4,10,6,False,0,0,7,10,1.0,0.9
PMC11356858,1.0,1.0,0.0,4,9,4,9,False,0,0,6,10,0.8333333333333334,0.4
PMC11358852,0.6,0.875,0.275,3,7,5,8,False,0,0,7,10,1.0,0.9
PMC11359919,0.8333333333333334,0.3333333333333333,-0.5,5,3,6,9,False,0,0,10,10,1.0,0.8
PMC11361325,0.2222222222222222,1.0,0.7777777777777778,2,9,9,9,False,0,0,8,10,1.0,0.8
PMC11363880,0.375,0.25,-0.125,3,2,8,8,False,0,0,6,9,1.0,0.8888888888888888
PMC11363995,0.8888888888888888,1.0,0.11111111111111116,8,9,9,9,False,0,0,8,10,1.0,0.9
PMC11364916,0.125,0.1,-0.024999999999999994,1,1,8,10,False,0,0,5,10,0.8,0.4
PMC11365461,0.5,0.8571428571428571,0.3571428571428571,3,6,6,7,False,0,0,7,10,1.0,1.0
PMC11366209,0.13333333333333333,1.0,0.8666666666666667,2,9,15,9,False,0,0,5,10,1.0,0.5
PMC11366281,0.5,0.6,0.09999999999999998,2,3,4,5,False,0,0,5,8,1.0,0.875
PMC11366406,0.2857142857142857,1.0,0.7142857142857143,2,8,7,8,False,0,0,6,7,1.0,0.8571428571428571
PMC11366418,0.4,1.0,0.6,2,10,5,10,False,0,0,6,10,1.0,0.4
PMC11367131,0.375,1.0,0.625,3,7,8,7,False,0,0,5,10,1.0,1.0
PMC11367480,0.7,0.5714285714285714,-0.12857142857142856,7,4,10,7,False,0,0,5,10,0.8,0.6
PMC11367528,0.875,1.0,0.125,7,8,8,8,False,0,0,5,10,0.8,0.9
PMC11368574,0.7142857142857143,0.8571428571428571,0.1428571428571428,5,6,7,7,False,0,0,6,10,0.6666666666666666,0.4
PMC11368578,0.7,1.0,0.30000000000000004,7,8,10,8,False,0,0,5,10,1.0,0.9
PMC11368706,0.6666666666666666,1.0,0.33333333333333337,6,8,9,8,False,0,0,7,10,1.0,0.9
PMC11368709,0.375,0.8333333333333334,0.45833333333333337,3,5,8,6,False,0,0,7,8,1.0,1.0
PMC11370703,0.8571428571428571,0.8571428571428571,0.0,6,6,7,7,True,7,0,5,8,1.0,0.375
PMC11372572,0.1,1.0,0.9,1,10,10,10,False,0,0,6,10,1.0,0.6
PMC11372579,0.375,0.875,0.5,3,7,8,8,False,0,0,5,10,1.0,0.8
PMC11372783,0.3333333333333333,0.7777777777777778,0.4444444444444445,2,7,6,9,False,0,0,8,9,1.0,0.8888888888888888
PMC11373470,0.16666666666666666,0.8571428571428571,0.6904761904761905,1,6,6,7,False,0,0,6,10,1.0,0.8
PMC11374134,0.5714285714285714,0.875,0.3035714285714286,4,7,7,8,False,0,0,6,10,1.0,0.9
PMC11374374,0.5714285714285714,1.0,0.4285714285714286,4,9,7,9,False,0,0,6,10,0.8333333333333334,0.8
PMC11375620,0.0,1.0,1.0,0,9,9,9,False,0,0,6,10,1.0,0.4
PMC11375912,0.2,1.0,0.8,1,5,5,5,False,0,0,5,10,1.0,0.9
PMC11375955,0.25,0.125,-0.125,2,1,8,8,True,5,3,7,10,1.0,0.4
PMC11378089,0.0,0.0,0.0,0,0,5,5,False,0,0,6,10,1.0,0.6
PMC11378093,0.625,0.875,0.25,5,7,8,8,False,0,0,8,10,0.75,0.7
PMC11378097,0.0,0.75,0.75,0,6,10,8,False,0,0,8,10,1.0,0.9
PMC11378199,0.42857142857142855,0.25,-0.17857142857142855,3,1,7,4,False,0,0,5,10,1.0,1.0
PMC11379423,0.125,1.0,0.875,1,8,8,8,False,0,0,7,10,1.0,0.9
PMC11380166,0.0,0.5,0.5,0,4,7,8,False,0,0,6,10,1.0,0.6
PMC11383490,0.4,0.3333333333333333,-0.06666666666666671,4,3,10,9,False,0,0,7,7,1.0,0.5714285714285714
PMC11384651,0.25,0.8,0.55,2,8,8,10,False,0,0,8,10,1.0,0.9
PMC11385026,0.4444444444444444,1.0,0.5555555555555556,4,9,9,9,False,0,0,6,10,0.8333333333333334,0.1
PMC11385072,0.6,0.8,0.20000000000000007,3,4,5,5,False,0,0,7,6,0.8571428571428571,0.6666666666666666
PMC11385788,0.2857142857142857,0.8888888888888888,0.6031746031746031,2,8,7,9,False,0,0,10,9,0.8,0.8888888888888888
PMC11386941,0.3333333333333333,1.0,0.6666666666666667,3,10,9,10,False,0,0,7,10,1.0,0.8
PMC11387543,0.2,0.8,0.6000000000000001,1,4,5,5,False,0,0,6,10,1.0,0.4
PMC11387768,0.1111111111111111,0.25,0.1388888888888889,1,1,9,4,False,0,0,10,10,1.0,0.8
PMC11388016,0.1,0.0,-0.1,1,0,10,10,False,0,0,7,8,1.0,1.0
PMC11388041,0.14285714285714285,1.0,0.8571428571428572,1,9,7,9,False,0,0,7,10,1.0,1.0
PMC11388045,0.6666666666666666,0.8,0.13333333333333341,4,4,6,5,False,0,0,5,10,1.0,0.8
PMC11388709,0.5,1.0,0.5,2,4,4,4,True,2,2,5,10,1.0,1.0
PMC11390360,0.0,0.8888888888888888,0.8888888888888888,0,8,6,9,False,0,0,6,10,1.0,0.2
PMC11391175,0.5,0.875,0.375,3,7,6,8,False,0,0,5,10,1.0,0.6
PMC11391400,0.0,1.0,1.0,0,8,7,8,False,0,0,6,10,1.0,0.9
PMC11392029,0.125,0.5,0.375,1,5,8,10,False,0,0,6,10,1.0,0.6
PMC11392504,0.6,1.0,0.4,6,9,10,9,False,0,0,5,10,1.0,0.8
PMC11392505,0.2,0.0,-0.2,2,0,10,7,False,0,0,9,10,1.0,0.9
PMC11392844,0.5,0.8333333333333334,0.33333333333333337,3,5,6,6,False,0,0,5,9,1.0,0.8888888888888888
PMC11393567,0.125,0.875,0.75,1,7,8,8,False,0,0,7,10,0.8571428571428571,0.8
PMC11393570,0.2,1.0,0.8,2,9,10,9,False,0,0,7,10,1.0,0.7
PMC11393571,0.42857142857142855,0.25,-0.17857142857142855,3,2,7,8,False,0,0,8,10,1.0,0.7
PMC11394467,0.0,1.0,1.0,0,8,5,8,False,0,0,6,10,1.0,0.9
PMC11395317,0.0,0.125,0.125,0,1,6,8,False,0,0,5,10,1.0,0.7
PMC11395475,0.6,0.6666666666666666,0.06666666666666665,3,4,5,6,False,0,0,9,10,0.8888888888888888,0.7
PMC11395583,0.8,1.0,0.19999999999999996,4,10,5,10,False,0,0,10,10,0.9,0.4
PMC11396144,0.5714285714285714,0.5714285714285714,0.0,4,4,7,7,False,0,0,5,10,1.0,0.6
PMC11396201,0.0,0.5,0.5,0,3,6,6,False,0,0,7,10,1.0,0.8
PMC11398731,0.4,1.0,0.6,2,8,5,8,False,0,0,6,10,1.0,0.9
PMC11398847,0.14285714285714285,0.8333333333333334,0.6904761904761905,1,5,7,6,False,0,0,10,10,0.9,0.8
PMC11399793,0.5714285714285714,1.0,0.4285714285714286,4,7,7,7,False,0,0,10,10,1.0,0.8
PMC11399814,0.1111111111111111,0.6666666666666666,0.5555555555555556,1,6,9,9,False,0,0,7,10,0.8571428571428571,0.8
PMC11401066,0.125,0.4,0.275,1,4,8,10,False,0,0,6,10,0.8333333333333334,1.0
PMC11401631,0.8571428571428571,1.0,0.1428571428571429,6,7,7,7,False,0,0,7,8,1.0,0.875
PMC11402115,0.5,1.0,0.5,4,8,8,8,False,0,0,7,10,1.0,0.3
PMC11402274,0.2,1.0,0.8,2,7,10,7,False,0,0,8,10,0.875,0.8
PMC11402539,0.5,1.0,0.5,4,8,8,8,False,0,0,6,10,1.0,0.6
PMC11402914,0.5714285714285714,0.0,-0.5714285714285714,4,0,7,7,False,0,0,6,10,0.6666666666666666,0.1
PMC11402916,0.5,1.0,0.5,3,6,6,6,False,0,0,9,8,1.0,1.0
PMC11403415,0.0,1.0,1.0,0,6,7,6,False,0,0,8,10,1.0,0.6
PMC11403891,0.2857142857142857,0.7142857142857143,0.4285714285714286,2,5,7,7,False,0,0,7,10,1.0,0.5
PMC11403897,0.625,1.0,0.375,5,9,8,9,False,0,0,6,10,1.0,0.7
PMC11403908,0.3333333333333333,1.0,0.6666666666666667,2,9,6,9,False,0,0,7,10,1.0,0.7
PMC11405070,0.14285714285714285,0.14285714285714285,0.0,1,1,7,7,True,5,2,6,10,1.0,0.6
PMC11405080,0.5,0.5,0.0,4,4,8,8,False,0,0,8,10,1.0,0.6
PMC11406332,0.0,0.5714285714285714,0.5714285714285714,0,4,8,7,False,0,0,7,10,0.8571428571428571,0.5
PMC11406342,0.125,0.9,0.775,1,9,8,10,False,0,0,8,7,0.875,0.8571428571428571
PMC11406351,0.0,0.8333333333333334,0.8333333333333334,0,5,7,6,False,0,0,7,10,1.0,0.2
PMC11406356,0.42857142857142855,1.0,0.5714285714285714,3,9,7,9,False,0,0,8,10,1.0,0.7
PMC11406358,0.16666666666666666,0.16666666666666666,0.0,1,1,6,6,False,0,0,6,10,0.8333333333333334,0.8
PMC11406475,0.2,0.4,0.2,2,4,10,10,False,0,0,8,10,0.875,0.8
PMC11406722,0.5714285714285714,0.8888888888888888,0.31746031746031744,4,8,7,9,False,0,0,9,10,1.0,0.3
PMC11406798,0.3333333333333333,0.0,-0.3333333333333333,2,0,6,6,False,0,0,7,10,0.7142857142857143,1.0
PMC11407686,0.2222222222222222,1.0,0.7777777777777778,2,9,9,9,False,0,0,9,10,0.8888888888888888,1.0
PMC11407790,0.3333333333333333,1.0,0.6666666666666667,2,6,6,6,False,0,0,5,10,0.8,0.8
PMC11408169,0.5,1.0,0.5,3,6,6,6,False,0,0,7,10,0.8571428571428571,0.9
PMC11408896,0.375,0.875,0.5,3,7,8,8,False,0,0,8,10,1.0,0.8
PMC11409008,0.0,1.0,1.0,0,8,5,8,False,0,0,6,10,1.0,0.7
PMC11410420,0.6,1.0,0.4,3,7,5,7,False,0,0,6,9,1.0,0.6666666666666666
PMC11410430,0.375,1.0,0.625,3,9,8,9,False,0,0,7,8,1.0,0.875
PMC11411574,0.2,1.0,0.8,2,10,10,10,False,0,0,6,10,1.0,0.8
PMC11412278,0.5,0.9,0.4,2,9,4,10,False,0,0,8,9,0.75,0.8888888888888888
PMC11412386,0.6,0.8,0.20000000000000007,6,8,10,10,False,0,0,6,10,1.0,0.9
PMC11412893,0.0,0.9,0.9,0,9,8,10,False,0,0,7,10,1.0,0.5
PMC11413548,1.0,1.0,0.0,6,6,6,6,False,0,0,8,10,1.0,0.8
PMC11413611,0.6,0.0,-0.6,3,0,5,6,False,0,0,5,10,1.0,0.9
PMC11413743,0.3333333333333333,0.8571428571428571,0.5238095238095237,2,6,6,7,False,0,0,6,10,0.8333333333333334,1.0
PMC11414464,0.0,0.25,0.25,0,2,8,8,True,6,2,5,10,1.0,0.7
PMC11414548,0.1111111111111111,0.5555555555555556,0.4444444444444445,1,5,9,9,False,0,0,6,10,0.8333333333333334,0.8
PMC11414554,1.0,1.0,0.0,5,5,5,5,False,0,0,7,8,1.0,0.5
PMC11414668,0.5,0.375,-0.125,4,3,8,8,True,5,3,5,10,0.8,1.0
PMC11415024,0.3,1.0,0.7,3,10,10,10,False,0,0,5,10,1.0,0.9
PMC11415134,0.2,1.0,0.8,1,10,5,10,False,0,0,9,10,0.7777777777777778,0.9
PMC11415135,0.6,0.625,0.025000000000000022,6,5,10,8,False,0,0,7,10,0.8571428571428571,0.7
PMC11415138,0.8,0.8333333333333334,0.033333333333333326,4,5,5,6,False,0,0,7,9,0.42857142857142855,0.6666666666666666
PMC11415140,0.6,0.2,-0.39999999999999997,3,1,5,5,True,3,2,6,10,1.0,1.0
PMC11415225,0.1111111111111111,0.4,0.2888888888888889,1,4,9,10,False,0,0,7,10,0.8571428571428571,0.8
PMC11415612,0.0,0.875,0.875,0,7,8,8,False,0,0,8,10,1.0,0.8
PMC11415833,1.0,1.0,0.0,4,4,4,4,False,0,0,8,10,1.0,0.8
PMC11415877,0.125,0.375,0.25,1,3,8,8,True,4,4,7,10,1.0,1.0
PMC11416046,0.5555555555555556,1.0,0.4444444444444444,5,8,9,8,False,0,0,5,10,1.0,0.9
PMC11416047,0.16666666666666666,1.0,0.8333333333333334,1,6,6,6,False,0,0,8,9,0.875,0.8888888888888888
PMC11416184,0.0,0.25,0.25,0,1,4,4,False,0,0,7,10,0.8571428571428571,0.3
PMC11416190,0.8333333333333334,1.0,0.16666666666666663,5,6,6,6,False,0,0,6,10,0.8333333333333334,0.5
PMC11416194,0.3,0.6666666666666666,0.36666666666666664,3,6,10,9,False,0,0,5,10,1.0,1.0
PMC11416197,0.3,1.0,0.7,3,5,10,5,False,0,0,6,10,1.0,0.6
PMC11416198,0.09090909090909091,0.6,0.509090909090909,1,6,11,10,False,0,0,5,10,1.0,0.6
PMC11416202,0.5,0.0,-0.5,4,0,8,8,False,0,0,7,10,0.8571428571428571,0.9
PMC11416352,0.0,0.875,0.875,0,7,6,8,False,0,0,5,6,1.0,1.0
PMC11416458,0.42857142857142855,0.5714285714285714,0.14285714285714285,3,4,7,7,False,0,0,8,7,1.0,1.0
PMC11416466,0.0,0.8888888888888888,0.8888888888888888,0,8,9,9,False,0,0,7,10,1.0,0.7
PMC11416602,0.0,1.0,1.0,0,6,5,6,False,0,0,6,9,1.0,1.0
PMC11416630,0.25,0.5,0.25,1,3,4,6,False,0,0,8,10,0.875,0.7
PMC11416805,0.2,0.6666666666666666,0.4666666666666666,2,6,10,9,False,0,0,6,10,0.8333333333333334,0.9
PMC11416827,0.14285714285714285,0.3333333333333333,0.19047619047619047,1,1,7,3,False,0,0,6,10,0.8333333333333334,0.7
PMC11417497,0.0,1.0,1.0,0,8,4,8,False,0,0,6,10,0.8333333333333334,0.6
PMC11417591,0.2,0.8333333333333334,0.6333333333333333,2,5,10,6,False,0,0,8,10,1.0,0.8
PMC11417919,1.0,0.25,-0.75,6,1,6,4,False,0,0,8,10,0.875,0.9
PMC11418093,0.8,0.2,-0.6000000000000001,4,1,5,5,False,0,0,6,10,1.0,0.2
PMC11418098,0.375,0.0,-0.375,3,0,8,8,True,5,3,8,10,1.0,0.9
PMC11418106,0.0,0.6666666666666666,0.6666666666666666,0,4,6,6,False,0,0,6,10,0.8333333333333334,1.0
PMC11418109,0.5,0.8333333333333334,0.33333333333333337,3,5,6,6,False,0,0,6,10,1.0,1.0
PMC11418114,0.4,1.0,0.6,2,8,5,8,False,0,0,6,10,0.8333333333333334,0.9
PMC11418156,0.5,1.0,0.5,3,6,6,6,False,0,0,6,9,1.0,0.8888888888888888
PMC11418237,0.3333333333333333,1.0,0.6666666666666667,2,6,6,6,False,0,0,6,10,1.0,0.8
PMC11419314,0.2222222222222222,0.7777777777777778,0.5555555555555556,2,7,9,9,False,0,0,5,10,1.0,0.8
PMC11419318,0.7142857142857143,1.0,0.2857142857142857,5,7,7,7,False,0,0,7,10,1.0,0.7
PMC11419586,0.5,0.8333333333333334,0.33333333333333337,3,5,6,6,False,0,0,7,10,1.0,0.4
PMC11419597,0.125,0.875,0.75,1,7,8,8,False,0,0,7,10,1.0,0.8
PMC11419775,0.2857142857142857,0.6,0.3142857142857143,2,3,7,5,False,0,0,5,8,1.0,0.75
PMC11420438,0.2,0.125,-0.07500000000000001,1,1,5,8,False,0,0,7,10,1.0,0.8
PMC11420455,0.42857142857142855,0.14285714285714285,-0.2857142857142857,3,1,7,7,True,3,4,7,10,1.0,1.0
PMC11420636,0.2857142857142857,0.875,0.5892857142857143,2,7,7,8,False,0,0,5,10,1.0,0.4
PMC11421233,0.0,0.8571428571428571,0.8571428571428571,0,6,7,7,False,0,0,7,9,1.0,0.8888888888888888
PMC11421273,0.7142857142857143,1.0,0.2857142857142857,5,7,7,7,False,0,0,6,9,1.0,0.5555555555555556
PMC11421276,0.2857142857142857,0.8333333333333334,0.5476190476190477,2,5,7,6,False,0,0,8,10,1.0,0.8
PMC11421287,0.3333333333333333,1.0,0.6666666666666667,2,7,6,7,False,0,0,5,10,0.8,0.9
PMC11421474,0.5,0.2857142857142857,-0.2142857142857143,4,2,8,7,False,0,0,5,10,1.0,0.7
PMC11421877,0.0,1.0,1.0,0,8,9,8,False,0,0,7,10,1.0,1.0
PMC11422092,0.2,1.0,0.8,1,10,5,10,False,0,0,7,10,1.0,0.9
PMC11422786,0.2857142857142857,0.8333333333333334,0.5476190476190477,2,5,7,6,False,0,0,5,10,1.0,0.4
PMC11424232,0.0,1.0,1.0,0,7,7,7,False,0,0,9,10,1.0,0.9
PMC11424545,0.2857142857142857,1.0,0.7142857142857143,2,8,7,8,False,0,0,6,10,0.8333333333333334,0.9
PMC11424753,0.0,0.0,0.0,0,0,8,8,True,8,0,10,10,1.0,0.8
PMC11424757,0.4,0.3333333333333333,-0.06666666666666671,2,3,5,9,False,0,0,7,10,0.8571428571428571,0.8
PMC11424762,0.4,1.0,0.6,2,5,5,5,True,2,3,6,10,1.0,0.9
PMC11424768,1.0,1.0,0.0,7,8,7,8,False,0,0,5,10,1.0,1.0
PMC11424893,0.0,0.8,0.8,0,4,6,5,False,0,0,5,8,1.0,1.0
PMC11424902,0.1,1.0,0.9,1,9,10,9,False,0,0,9,10,1.0,0.7
PMC11424907,0.16666666666666666,1.0,0.8333333333333334,1,8,6,8,False,0,0,5,10,1.0,0.9
PMC11424908,0.5,0.8571428571428571,0.3571428571428571,3,6,6,7,False,0,0,6,10,1.0,0.8
PMC11424909,0.0,0.7,0.7,0,7,11,10,False,0,0,6,10,0.8333333333333334,0.9
PMC11424937,0.2,1.0,0.8,1,10,5,10,False,0,0,5,10,1.0,0.9
PMC11425150,0.14285714285714285,0.7142857142857143,0.5714285714285714,1,5,7,7,False,0,0,9,10,1.0,0.7
PMC11425151,0.3333333333333333,1.0,0.6666666666666667,2,6,6,6,False,0,0,7,9,1.0,0.8888888888888888
PMC11426170,0.6,1.0,0.4,3,5,5,5,False,0,0,6,10,1.0,1.0
PMC11426307,0.2857142857142857,1.0,0.7142857142857143,2,7,7,7,False,0,0,10,10,1.0,0.8
PMC11426923,0.16666666666666666,0.5714285714285714,0.40476190476190477,1,4,6,7,False,0,0,6,9,1.0,1.0
PMC11427117,0.2,1.0,0.8,1,7,5,7,False,0,0,7,10,1.0,0.7
PMC11427962,0.5,1.0,0.5,2,8,4,8,False,0,0,6,6,1.0,0.8333333333333334
PMC11428661,0.16666666666666666,0.3333333333333333,0.16666666666666666,1,2,6,6,False,0,0,8,10,0.75,0.7
PMC11428674,0.0,0.8,0.8,0,4,5,5,False,0,0,7,10,1.0,1.0
PMC11431129,0.5,0.8571428571428571,0.3571428571428571,5,6,10,7,False,0,0,10,10,0.9,0.3
PMC11431244,0.0,0.8333333333333334,0.8333333333333334,0,5,6,6,False,0,0,5,10,1.0,0.9
PMC11431636,0.0,0.8571428571428571,0.8571428571428571,0,6,9,7,False,0,0,7,10,1.0,0.9
PMC11432985,0.0,0.9,0.9,0,9,9,10,False,0,0,5,10,1.0,1.0
PMC11433264,0.0,0.6,0.6,0,6,10,10,False,0,0,5,8,0.8,0.625
PMC11433704,0.4444444444444444,0.8,0.3555555555555556,4,8,9,10,False,0,0,8,10,1.0,0.8
PMC11433725,0.3333333333333333,1.0,0.6666666666666667,2,8,6,8,False,0,0,7,10,1.0,0.8
PMC11433750,0.375,1.0,0.625,3,9,8,9,False,0,0,5,10,1.0,0.4
PMC11434546,0.4,1.0,0.6,2,8,5,8,False,0,0,6,10,1.0,0.6
PMC11434686,0.16666666666666666,1.0,0.8333333333333334,1,7,6,7,False,0,0,5,10,1.0,0.5
PMC11436073,0.2857142857142857,1.0,0.7142857142857143,2,6,7,6,False,0,0,7,9,1.0,0.8888888888888888
PMC11436284,0.42857142857142855,1.0,0.5714285714285714,3,8,7,8,False,0,0,7,10,1.0,0.8
PMC11437605,0.5714285714285714,0.625,0.0535714285714286,4,5,7,8,False,0,0,5,10,0.8,0.8
PMC11437612,0.2222222222222222,0.8888888888888888,0.6666666666666666,2,8,9,9,False,0,0,10,10,1.0,0.7
PMC11437698,0.0,0.6,0.6,0,3,5,5,False,0,0,6,10,1.0,0.8
PMC11437740,0.25,0.3333333333333333,0.08333333333333331,2,2,8,6,False,0,0,5,10,1.0,0.8
PMC11438519,0.0,0.8888888888888888,0.8888888888888888,0,8,6,9,False,0,0,7,10,1.0,0.8
PMC11438525,0.6666666666666666,0.875,0.20833333333333337,4,7,6,8,False,0,0,5,10,1.0,1.0
PMC11438534,0.0,0.0,0.0,0,0,4,4,True,4,0,8,10,1.0,0.9
PMC11439192,0.5,1.0,0.5,3,7,6,7,False,0,0,8,10,0.875,0.8
PMC11439408,0.5,0.42857142857142855,-0.07142857142857145,3,3,6,7,False,0,0,7,10,1.0,0.7
PMC11439475,0.5,1.0,0.5,3,6,6,6,False,0,0,6,10,1.0,0.6
PMC11439479,0.14285714285714285,0.2857142857142857,0.14285714285714285,1,2,7,7,True,6,1,7,10,1.0,0.9
PMC11439974,0.2,0.6,0.39999999999999997,2,6,10,10,True,4,6,6,10,0.8333333333333334,0.5
PMC11441234,0.75,0.8888888888888888,0.13888888888888884,6,8,8,9,False,0,0,5,10,1.0,0.3
PMC11441832,0.42857142857142855,1.0,0.5714285714285714,3,7,7,7,False,0,0,7,8,0.7142857142857143,1.0
PMC11441845,0.7,0.8,0.10000000000000009,7,8,10,10,False,0,0,7,10,0.7142857142857143,0.7
PMC11443899,0.42857142857142855,0.875,0.44642857142857145,3,7,7,8,False,0,0,7,10,1.0,1.0
PMC11444548,0.0,0.625,0.625,0,5,9,8,False,0,0,6,10,1.0,0.0
PMC11444798,0.25,0.875,0.625,2,7,8,8,False,0,0,6,10,1.0,0.9
PMC11444809,0.5714285714285714,1.0,0.4285714285714286,4,6,7,6,False,0,0,7,10,1.0,0.8
PMC11445596,1.0,1.0,0.0,6,6,6,6,False,0,0,9,10,0.7777777777777778,0.9
PMC11445599,0.16666666666666666,0.0,-0.16666666666666666,1,0,6,6,True,5,1,6,10,0.8333333333333334,1.0
PMC11445712,0.16666666666666666,0.8,0.6333333333333334,1,4,6,5,False,0,0,7,10,1.0,0.9
PMC11446485,0.16666666666666666,0.6,0.43333333333333335,1,3,6,5,False,0,0,5,10,1.0,0.9
PMC11446486,0.125,1.0,0.875,1,8,8,8,False,0,0,7,10,1.0,0.1
PMC11446496,0.3333333333333333,0.8571428571428571,0.5238095238095237,3,6,9,7,False,0,0,6,8,1.0,0.875
PMC11446498,0.1111111111111111,0.3333333333333333,0.2222222222222222,1,3,9,9,False,0,0,6,10,1.0,0.3
PMC11446622,0.4444444444444444,1.0,0.5555555555555556,4,6,9,6,False,0,0,8,9,0.875,1.0
PMC11447301,0.2,0.6,0.39999999999999997,1,3,5,5,False,0,0,6,9,1.0,0.8888888888888888
PMC11447305,0.2,0.6,0.39999999999999997,1,3,5,5,False,0,0,7,10,1.0,0.7
PMC11447345,0.16666666666666666,0.0,-0.16666666666666666,1,0,6,6,True,5,1,8,8,0.875,0.875
PMC11447576,0.5,0.875,0.375,2,7,4,8,False,0,0,7,10,1.0,0.9
PMC11447945,0.2,0.9,0.7,2,9,10,10,False,0,0,8,10,1.0,1.0
PMC11448466,0.4117647058823529,0.2857142857142857,-0.12605042016806722,7,2,17,7,False,0,0,7,10,1.0,0.2
PMC11449378,0.125,0.4444444444444444,0.3194444444444444,1,4,8,9,False,0,0,7,10,1.0,0.8
PMC11450233,0.0,0.2222222222222222,0.2222222222222222,0,2,9,9,False,0,0,7,10,0.5714285714285714,1.0
PMC11450494,0.4444444444444444,0.875,0.4305555555555556,4,7,9,8,False,0,0,5,9,0.8,0.8888888888888888
PMC11452076,0.0,1.0,1.0,0,7,6,7,False,0,0,8,10,1.0,0.8
PMC11452711,0.3333333333333333,0.6666666666666666,0.3333333333333333,2,4,6,6,False,0,0,7,10,0.7142857142857143,0.5
PMC11453173,0.14285714285714285,1.0,0.8571428571428572,1,7,7,7,False,0,0,8,10,1.0,0.5
PMC11453286,0.0,0.125,0.125,0,1,8,8,True,7,1,10,10,1.0,0.3
PMC11455270,0.2857142857142857,0.42857142857142855,0.14285714285714285,2,3,7,7,False,0,0,7,10,0.8571428571428571,0.6
PMC11455275,0.2857142857142857,1.0,0.7142857142857143,2,6,7,6,False,0,0,6,10,1.0,0.9
PMC11456147,0.0,0.42857142857142855,0.42857142857142855,0,3,10,7,False,0,0,7,10,1.0,0.7
PMC11456260,0.5,0.0,-0.5,4,0,8,8,False,0,0,7,9,1.0,1.0
PMC11456304,0.16666666666666666,0.8571428571428571,0.6904761904761905,1,6,6,7,False,0,0,8,10,1.0,0.9
PMC11456410,0.5,0.7777777777777778,0.2777777777777778,2,7,4,9,False,0,0,5,9,1.0,0.8888888888888888
PMC11456782,0.2,0.8,0.6000000000000001,1,4,5,5,False,0,0,9,10,1.0,1.0
PMC11456785,0.125,0.8,0.675,1,4,8,5,False,0,0,6,10,1.0,0.8
PMC11456792,0.5555555555555556,0.5555555555555556,0.0,5,5,9,9,True,7,2,9,10,1.0,0.9
PMC11456795,0.8333333333333334,0.6666666666666666,-0.16666666666666674,5,4,6,6,False,0,0,5,10,0.8,0.9
PMC11456810,0.0,0.9,0.9,0,9,10,10,True,1,9,8,10,0.75,0.9
PMC11456814,0.3333333333333333,0.6666666666666666,0.3333333333333333,3,6,9,9,False,0,0,10,10,0.9,1.0
PMC11456815,0.0,0.5,0.5,0,4,8,8,False,0,0,8,10,1.0,0.8
PMC11456863,1.0,0.875,-0.125,5,7,5,8,False,0,0,7,9,0.5714285714285714,0.7777777777777778
PMC11456914,0.0,1.0,1.0,0,9,7,9,False,0,0,8,10,1.0,1.0
PMC11456956,0.2,0.7777777777777778,0.5777777777777777,2,7,10,9,False,0,0,7,10,0.8571428571428571,0.8
PMC11457914,0.375,0.0,-0.375,3,0,8,7,False,0,0,7,10,0.8571428571428571,0.1
PMC11457949,0.3333333333333333,1.0,0.6666666666666667,2,7,6,7,False,0,0,9,10,1.0,1.0
PMC11458204,0.3333333333333333,1.0,0.6666666666666667,2,7,6,7,False,0,0,8,10,1.0,0.7
PMC11458211,0.5,0.8,0.30000000000000004,2,4,4,5,False,0,0,6,10,0.8333333333333334,0.6
PMC11458212,0.0,0.0,0.0,0,0,4,4,False,0,0,8,10,1.0,0.6
PMC11458251,1.0,1.0,0.0,6,7,6,7,False,0,0,7,8,0.7142857142857143,0.625
PMC11458253,0.0,0.7142857142857143,0.7142857142857143,0,5,8,7,False,0,0,6,10,1.0,0.5
PMC11458922,0.25,0.8,0.55,2,8,8,10,False,0,0,6,10,1.0,0.8
PMC11458924,0.25,0.875,0.625,2,7,8,8,False,0,0,6,10,1.0,0.7
PMC11458927,0.4,1.0,0.6,2,5,5,5,False,0,0,8,10,1.0,1.0
PMC11458929,0.5,1.0,0.5,4,8,8,8,False,0,0,6,10,1.0,1.0
PMC11458935,0.3333333333333333,0.16666666666666666,-0.16666666666666666,2,1,6,6,True,5,1,5,10,1.0,0.9
PMC11459333,0.3333333333333333,1.0,0.6666666666666667,3,9,9,9,False,0,0,8,10,0.875,0.6
PMC11459453,0.2857142857142857,0.0,-0.2857142857142857,2,0,7,7,True,5,2,6,10,1.0,0.7
PMC11459457,0.5714285714285714,1.0,0.4285714285714286,4,7,7,7,False,0,0,9,10,1.0,1.0
PMC11459459,0.5,0.7777777777777778,0.2777777777777778,4,7,8,9,False,0,0,7,10,0.42857142857142855,0.9
PMC11459590,0.14285714285714285,1.0,0.8571428571428572,1,4,7,4,False,0,0,6,8,1.0,0.875
PMC11460248,0.16666666666666666,1.0,0.8333333333333334,1,5,6,5,False,0,0,7,10,1.0,0.4
PMC11460249,0.25,0.25,0.0,1,1,4,4,False,0,0,7,10,1.0,0.9
PMC11460250,0.8571428571428571,1.0,0.1428571428571429,6,6,7,6,False,0,0,9,8,0.8888888888888888,0.875
PMC11460365,0.5,0.0,-0.5,2,0,4,4,True,2,2,7,10,1.0,1.0
PMC11460368,0.0,0.4444444444444444,0.4444444444444444,0,4,10,9,False,0,0,8,10,1.0,0.8
PMC11460373,0.6666666666666666,1.0,0.33333333333333337,4,6,6,6,False,0,0,5,10,0.8,0.6
PMC11460466,0.2857142857142857,0.75,0.4642857142857143,2,6,7,8,False,0,0,6,10,1.0,0.6
PMC11460483,0.2,0.4,0.2,1,2,5,5,False,0,0,7,10,1.0,0.9
PMC11460622,0.5,0.8333333333333334,0.33333333333333337,2,5,4,6,False,0,0,6,10,1.0,0.7
PMC11460625,0.0,1.0,1.0,0,8,7,8,False,0,0,8,7,1.0,0.8571428571428571
PMC11460629,0.0,1.0,1.0,0,5,5,5,False,0,0,7,9,1.0,0.8888888888888888
PMC11461031,0.14285714285714285,0.8571428571428571,0.7142857142857142,1,6,7,7,False,0,0,7,10,1.0,0.6
PMC11461041,0.42857142857142855,0.8571428571428571,0.42857142857142855,3,6,7,7,False,0,0,7,10,1.0,0.7
PMC11461922,0.2857142857142857,0.6666666666666666,0.38095238095238093,2,6,7,9,False,0,0,5,10,0.8,0.4
PMC11461924,0.375,0.8,0.42500000000000004,3,8,8,10,False,0,0,6,10,1.0,0.7
PMC11461934,0.4,0.6666666666666666,0.2666666666666666,2,4,5,6,False,0,0,7,10,0.7142857142857143,0.7
PMC11461943,0.25,1.0,0.75,2,8,8,8,False,0,0,6,10,1.0,0.9
PMC11461944,0.1111111111111111,0.3333333333333333,0.2222222222222222,1,3,9,9,False,0,0,5,9,1.0,0.8888888888888888
PMC11461945,0.4444444444444444,1.0,0.5555555555555556,4,9,9,9,False,0,0,7,10,1.0,1.0
PMC11461947,0.14285714285714285,0.7777777777777778,0.6349206349206349,1,7,7,9,False,0,0,5,9,1.0,1.0
PMC11461948,0.4,0.6666666666666666,0.2666666666666666,2,4,5,6,False,0,0,7,10,1.0,0.8
PMC11461951,0.0,0.16666666666666666,0.16666666666666666,0,1,6,6,False,0,0,6,10,1.0,0.9
PMC11461952,0.0,0.6666666666666666,0.6666666666666666,0,4,7,6,False,0,0,5,10,1.0,0.4
PMC11461956,0.0,0.4,0.4,0,2,5,5,False,0,0,6,7,1.0,0.7142857142857143
PMC11461971,0.2,0.4,0.2,1,2,5,5,False,0,0,7,10,0.8571428571428571,0.4
PMC11461972,0.0,1.0,1.0,0,7,6,7,False,0,0,8,10,1.0,0.7
PMC11461979,0.16666666666666666,1.0,0.8333333333333334,1,9,6,9,False,0,0,6,10,1.0,0.5
PMC11462035,0.75,0.6666666666666666,-0.08333333333333337,3,6,4,9,False,0,0,8,9,1.0,0.8888888888888888
PMC11462055,0.2222222222222222,1.0,0.7777777777777778,2,8,9,8,False,0,0,6,10,1.0,1.0
PMC11462234,0.3333333333333333,1.0,0.6666666666666667,2,6,6,6,False,0,0,7,10,0.7142857142857143,0.9
PMC11462620,0.14285714285714285,0.9,0.7571428571428571,1,9,7,10,False,0,0,8,10,1.0,0.9
PMC11462664,0.0,0.42857142857142855,0.42857142857142855,0,3,6,7,False,0,0,6,10,1.0,0.8
PMC11462689,0.0,0.0,0.0,0,0,7,7,True,7,0,7,10,0.42857142857142855,0.4
PMC11462780,0.2,0.5714285714285714,0.3714285714285714,1,4,5,7,False,0,0,9,10,1.0,0.7
PMC11465045,0.0,0.5,0.5,0,3,5,6,False,0,0,8,10,1.0,0.6
PMC11465049,0.0,0.8,0.8,0,8,8,10,False,0,0,8,10,1.0,0.5
PMC11465054,0.2222222222222222,0.7777777777777778,0.5555555555555556,2,7,9,9,False,0,0,10,10,1.0,0.6
PMC11465060,0.42857142857142855,0.5714285714285714,0.14285714285714285,3,4,7,7,False,0,0,5,7,1.0,1.0
PMC11465076,0.6666666666666666,0.875,0.20833333333333337,4,7,6,8,False,0,0,8,10,1.0,0.8
PMC11465097,0.0,1.0,1.0,0,8,7,8,False,0,0,6,10,1.0,0.9
PMC11465214,0.5,0.2222222222222222,-0.2777777777777778,2,2,4,9,False,0,0,6,10,1.0,0.8
PMC11465499,0.8,0.8571428571428571,0.05714285714285705,4,6,5,7,False,0,0,7,10,0.8571428571428571,0.9
PMC11465705,0.1,0.7,0.6,1,7,10,10,True,4,6,7,10,1.0,0.7
PMC11465958,0.2,1.0,0.8,1,5,5,5,False,0,0,6,10,1.0,1.0
PMC11466659,0.14285714285714285,0.8571428571428571,0.7142857142857142,1,6,7,7,False,0,0,8,10,1.0,0.9
PMC11467536,0.2,0.6,0.39999999999999997,1,3,5,5,False,0,0,6,10,0.16666666666666666,0.7
PMC11467558,0.2857142857142857,1.0,0.7142857142857143,2,8,7,8,False,0,0,9,10,0.6666666666666666,1.0
PMC11467586,0.4,1.0,0.6,2,6,5,6,False,0,0,7,10,0.8571428571428571,1.0
PMC11470198,0.2857142857142857,0.2857142857142857,0.0,2,2,7,7,True,3,4,6,10,1.0,0.6
PMC11470588,0.16666666666666666,0.2,0.033333333333333354,1,1,6,5,False,0,0,8,10,0.875,0.6
PMC11470589,0.3333333333333333,0.16666666666666666,-0.16666666666666666,2,1,6,6,True,5,1,6,10,0.8333333333333334,0.5
PMC11470822,0.2,0.625,0.425,1,5,5,8,False,0,0,8,10,1.0,0.8
PMC11471037,0.2,0.8571428571428571,0.657142857142857,2,6,10,7,False,0,0,5,9,1.0,1.0
PMC11471186,0.25,0.75,0.5,2,6,8,8,False,0,0,7,10,1.0,0.9
PMC11471188,0.75,1.0,0.25,3,8,4,8,False,0,0,7,10,1.0,0.6
PMC11471504,0.5555555555555556,0.125,-0.4305555555555556,5,1,9,8,False,0,0,7,10,0.7142857142857143,0.4
PMC11471654,0.1111111111111111,0.5,0.3888888888888889,1,4,9,8,False,0,0,9,10,1.0,0.6
PMC11471663,0.125,0.375,0.25,1,3,8,8,False,0,0,8,10,1.0,0.9
PMC11471678,0.5714285714285714,1.0,0.4285714285714286,4,6,7,6,False,0,0,7,10,1.0,0.9
PMC11471914,0.6,1.0,0.4,3,8,5,8,False,0,0,7,10,0.8571428571428571,1.0
PMC11472012,0.14285714285714285,1.0,0.8571428571428572,1,7,7,7,False,0,0,9,7,1.0,1.0
PMC11472030,0.2,1.0,0.8,1,6,5,6,False,0,0,5,10,1.0,0.8
PMC11472140,0.14285714285714285,1.0,0.8571428571428572,1,7,7,7,False,0,0,8,10,1.0,1.0
PMC11472210,0.5,1.0,0.5,2,9,4,9,False,0,0,6,10,1.0,0.9
PMC11472332,0.5,0.0,-0.5,4,0,8,8,False,0,0,8,10,0.625,0.3
PMC11472352,0.0,1.0,1.0,0,10,9,10,False,0,0,8,10,1.0,0.9
PMC11473213,0.42857142857142855,0.8571428571428571,0.42857142857142855,3,6,7,7,False,0,0,5,10,1.0,0.6
PMC11473220,0.25,1.0,0.75,1,4,4,4,False,0,0,7,10,1.0,0.9
PMC11474220,0.0,0.0,0.0,0,0,8,8,True,8,0,5,10,0.8,0.9
PMC11474483,0.3333333333333333,0.8888888888888888,0.5555555555555556,2,8,6,9,False,0,0,7,10,0.7142857142857143,0.8
PMC11475090,0.14285714285714285,1.0,0.8571428571428572,1,7,7,7,False,0,0,5,10,1.0,0.8
PMC11475890,0.2857142857142857,1.0,0.7142857142857143,2,8,7,8,False,0,0,5,10,1.0,0.9
PMC11476505,0.3333333333333333,0.3,-0.033333333333333326,2,3,6,10,False,0,0,8,10,1.0,0.4
PMC11477508,0.3333333333333333,0.8571428571428571,0.5238095238095237,2,6,6,7,False,0,0,7,10,1.0,0.7
PMC11477548,0.5,0.6666666666666666,0.16666666666666663,2,4,4,6,False,0,0,6,5,1.0,0.8
PMC11479426,0.5,0.4,-0.09999999999999998,2,2,4,5,False,0,0,8,10,1.0,0.7
PMC11480700,0.7142857142857143,0.2857142857142857,-0.4285714285714286,5,2,7,7,True,4,3,5,10,1.0,0.6
PMC11480928,0.6,1.0,0.4,3,6,5,6,False,0,0,7,10,0.8571428571428571,0.8
PMC11482487,0.5,1.0,0.5,2,4,4,4,False,0,0,7,10,1.0,0.9
PMC11483140,0.375,0.8571428571428571,0.4821428571428571,3,6,8,7,False,0,0,6,10,1.0,0.6
PMC11483141,0.6666666666666666,1.0,0.33333333333333337,6,7,9,7,False,0,0,7,10,1.0,0.8
PMC11483161,0.2,1.0,0.8,1,6,5,6,False,0,0,7,10,0.8571428571428571,0.9
PMC11483503,0.3333333333333333,0.625,0.2916666666666667,2,5,6,8,False,0,0,6,10,1.0,0.5
PMC11483682,0.125,0.7777777777777778,0.6527777777777778,1,7,8,9,False,0,0,6,10,0.6666666666666666,0.7
PMC11483752,0.0,0.7142857142857143,0.7142857142857143,0,5,7,7,False,0,0,5,10,0.8,0.9
PMC11484529,0.4,1.0,0.6,4,10,10,10,False,0,0,9,10,0.8888888888888888,0.8
PMC11486629,0.3,0.4,0.10000000000000003,3,4,10,10,True,9,1,8,10,1.0,0.8
PMC11487292,0.5,0.8571428571428571,0.3571428571428571,3,6,6,7,False,0,0,7,10,1.0,0.9
PMC11487618,0.1111111111111111,0.8888888888888888,0.7777777777777777,1,8,9,9,False,0,0,10,10,0.7,0.4
PMC11487882,0.4,0.8888888888888888,0.4888888888888888,2,8,5,9,False,0,0,5,10,0.6,0.7
PMC11488355,0.2857142857142857,0.875,0.5892857142857143,2,7,7,8,False,0,0,8,10,1.0,0.9
PMC11488397,0.1111111111111111,0.0,-0.1111111111111111,1,0,9,8,False,0,0,7,10,1.0,0.5
PMC11488398,0.0,0.8333333333333334,0.8333333333333334,0,5,6,6,False,0,0,8,10,1.0,0.8
PMC11488399,0.2,0.8,0.6000000000000001,2,8,10,10,False,0,0,7,10,1.0,0.7
PMC11488400,0.5,1.0,0.5,3,6,6,6,False,0,0,7,10,0.7142857142857143,0.8
PMC11488402,0.375,0.2857142857142857,-0.0892857142857143,3,2,8,7,False,0,0,6,10,1.0,0.9
PMC11488404,0.5,0.875,0.375,3,7,6,8,False,0,0,6,9,1.0,0.7777777777777778
PMC11488405,0.5,1.0,0.5,4,7,8,7,False,0,0,8,10,0.875,0.8
PMC11489070,0.2,0.8888888888888888,0.6888888888888889,2,8,10,9,False,0,0,6,10,0.8333333333333334,0.7
PMC11489126,0.1111111111111111,1.0,0.8888888888888888,1,6,9,6,False,0,0,7,10,0.8571428571428571,0.9
PMC11489327,0.42857142857142855,0.875,0.44642857142857145,3,7,7,8,False,0,0,8,10,1.0,0.7
PMC11489862,0.1,0.8888888888888888,0.7888888888888889,1,8,10,9,False,0,0,7,10,0.8571428571428571,0.6
PMC11490239,0.2857142857142857,1.0,0.7142857142857143,2,6,7,6,False,0,0,7,10,0.8571428571428571,0.7
PMC11490280,0.2857142857142857,0.0,-0.2857142857142857,2,0,7,7,True,5,2,6,10,1.0,0.9
PMC11490726,0.14285714285714285,1.0,0.8571428571428572,1,9,7,9,False,0,0,8,10,1.0,0.8
PMC11490736,0.2,0.6666666666666666,0.4666666666666666,1,4,5,6,False,0,0,5,7,1.0,0.8571428571428571
PMC11491145,0.3333333333333333,1.0,0.6666666666666667,2,6,6,6,False,0,0,10,10,1.0,0.8
PMC11491339,0.3333333333333333,0.9,0.5666666666666667,3,9,9,10,False,0,0,10,9,0.7,0.6666666666666666
PMC11491600,0.4,0.8,0.4,2,4,5,5,True,3,2,7,10,1.0,0.7
PMC11491658,0.5714285714285714,0.7142857142857143,0.1428571428571429,4,5,7,7,False,0,0,8,10,1.0,1.0
PMC11492073,0.4,1.0,0.6,2,8,5,8,False,0,0,6,10,1.0,0.7
PMC11492078,0.25,1.0,0.75,2,7,8,7,False,0,0,6,10,1.0,0.8
PMC11492432,0.4,1.0,0.6,2,8,5,8,False,0,0,7,10,1.0,0.8
PMC11492433,0.0,0.0,0.0,0,0,5,5,True,5,0,6,10,0.8333333333333334,0.9
PMC11492611,0.7142857142857143,1.0,0.2857142857142857,5,7,7,7,False,0,0,7,8,1.0,1.0
PMC11493195,0.25,0.0,-0.25,1,0,4,4,True,3,1,6,10,1.0,0.8
PMC11493534,0.5,1.0,0.5,3,7,6,7,False,0,0,5,10,0.4,1.0
PMC11494526,0.2,0.0,-0.2,1,0,5,7,False,0,0,6,10,1.0,0.8
PMC11495325,0.0,1.0,1.0,0,6,8,6,False,0,0,6,10,1.0,0.9
PMC11495327,0.8,1.0,0.19999999999999996,4,9,5,9,False,0,0,8,10,1.0,0.8
PMC11496047,0.0,1.0,1.0,0,6,7,6,False,0,0,7,10,1.0,0.9
PMC11496127,0.2,0.6363636363636364,0.43636363636363634,2,7,10,11,False,0,0,6,6,0.8333333333333334,0.6666666666666666
PMC11496205,0.375,1.0,0.625,3,8,8,8,False,0,0,8,9,1.0,1.0
PMC11496249,0.14285714285714285,0.625,0.48214285714285715,1,5,7,8,False,0,0,10,10,1.0,0.9
PMC11496448,0.5,0.9,0.4,5,9,10,10,False,0,0,10,10,1.0,0.7
PMC11497123,0.875,0.375,-0.5,7,3,8,8,True,4,4,7,10,0.8571428571428571,0.6
PMC11497857,0.3,0.9,0.6000000000000001,3,9,10,10,False,0,0,10,10,1.0,0.9
PMC11498069,0.1111111111111111,1.0,0.8888888888888888,1,6,9,6,False,0,0,7,10,1.0,0.8
PMC11498075,0.25,0.6666666666666666,0.41666666666666663,2,4,8,6,False,0,0,7,10,1.0,0.6
PMC11498970,0.6,1.0,0.4,3,5,5,5,False,0,0,6,10,1.0,1.0
PMC11498987,0.14285714285714285,0.1111111111111111,-0.031746031746031744,1,1,7,9,False,0,0,7,10,1.0,0.7
PMC11499305,0.3333333333333333,1.0,0.6666666666666667,2,8,6,8,False,0,0,7,10,1.0,0.9
PMC11501102,0.5,1.0,0.5,2,7,4,7,False,0,0,6,10,1.0,0.5
PMC11501515,0.1,0.1,0.0,1,1,10,10,False,0,0,6,10,1.0,0.7
PMC11502415,0.4,1.0,0.6,2,5,5,5,False,0,0,5,10,0.8,0.6
PMC11503294,0.2,0.7,0.49999999999999994,2,7,10,10,False,0,0,7,10,1.0,0.9
PMC11503360,0.0,0.7142857142857143,0.7142857142857143,0,5,12,7,False,0,0,8,10,1.0,1.0
PMC11503393,0.14285714285714285,0.7142857142857143,0.5714285714285714,1,5,7,7,False,0,0,8,6,0.875,1.0
PMC11503845,0.4,1.0,0.6,2,6,5,6,False,0,0,8,10,0.875,0.9
PMC11505315,0.0,0.2,0.2,0,2,6,10,False,0,0,8,10,0.875,0.7
PMC11505447,0.5,1.0,0.5,3,9,6,9,False,0,0,10,9,0.7,1.0
PMC11505565,0.5,1.0,0.5,2,6,4,6,False,0,0,8,10,1.0,0.6
PMC11505654,0.8,0.8333333333333334,0.033333333333333326,4,5,5,6,False,0,0,5,10,1.0,0.9
PMC11506189,0.14285714285714285,0.5714285714285714,0.42857142857142855,1,4,7,7,False,0,0,6,10,1.0,0.7
PMC11506799,0.16666666666666666,1.0,0.8333333333333334,1,7,6,7,False,0,0,6,10,1.0,0.6
PMC11506947,0.5,0.875,0.375,5,7,10,8,False,0,0,7,10,1.0,0.5
PMC11507092,0.625,1.0,0.375,5,8,8,8,False,0,0,7,10,1.0,0.7
PMC11507581,0.2,0.6666666666666666,0.4666666666666666,1,6,5,9,False,0,0,7,10,1.0,0.2
PMC11508039,0.0,0.42857142857142855,0.42857142857142855,0,3,6,7,False,0,0,6,10,0.3333333333333333,0.6
PMC11508138,0.625,0.7142857142857143,0.0892857142857143,5,5,8,7,False,0,0,7,9,0.5714285714285714,0.5555555555555556
PMC11508879,0.0,1.0,1.0,0,7,6,7,False,0,0,5,10,1.0,1.0
PMC11508943,0.0,1.0,1.0,0,6,7,6,False,0,0,7,9,1.0,0.5555555555555556
PMC11509173,0.125,1.0,0.875,1,7,8,7,False,0,0,5,10,0.8,0.6
PMC11509219,0.42857142857142855,1.0,0.5714285714285714,3,6,7,6,False,0,0,7,10,1.0,0.8
PMC11509281,0.14285714285714285,1.0,0.8571428571428572,1,6,7,6,False,0,0,10,10,0.9,0.9
PMC11509490,0.0,0.7142857142857143,0.7142857142857143,0,5,10,7,False,0,0,6,10,1.0,1.0
PMC11509757,0.3,0.3,0.0,3,3,10,10,True,8,2,7,10,0.8571428571428571,0.8
PMC11509779,1.0,1.0,0.0,6,6,6,6,False,0,0,8,10,0.5,0.8
PMC11509802,0.375,0.1,-0.275,3,1,8,10,False,0,0,7,10,0.2857142857142857,0.8
PMC11509815,0.5714285714285714,0.5714285714285714,0.0,4,4,7,7,False,0,0,6,10,0.8333333333333334,0.8
PMC11509835,0.4,0.7,0.29999999999999993,4,7,10,10,False,0,0,8,10,1.0,0.8
PMC11510225,0.0,0.7142857142857143,0.7142857142857143,0,5,6,7,False,0,0,8,10,1.0,1.0
PMC11511043,0.0,1.0,1.0,0,10,10,10,False,0,0,7,10,1.0,0.8
PMC11512452,0.0,1.0,1.0,0,10,10,10,False,0,0,9,10,1.0,1.0
PMC11512595,0.3333333333333333,1.0,0.6666666666666667,2,6,6,6,False,0,0,6,10,1.0,1.0
PMC11512651,0.4,0.8,0.4,2,4,5,5,False,0,0,7,10,1.0,0.7
PMC11512677,0.2,0.8,0.6000000000000001,2,8,10,10,False,0,0,5,7,1.0,0.7142857142857143
PMC11512705,0.42857142857142855,0.8571428571428571,0.42857142857142855,3,6,7,7,False,0,0,7,10,1.0,0.9
PMC11512709,0.0,0.8333333333333334,0.8333333333333334,0,5,6,6,False,0,0,5,10,1.0,0.8
PMC11512724,0.2,1.0,0.8,1,5,5,5,False,0,0,7,10,0.7142857142857143,0.9
PMC11512739,0.25,1.0,0.75,2,9,8,9,False,0,0,10,10,1.0,0.8
PMC11512760,0.25,0.875,0.625,2,7,8,8,True,3,5,7,10,1.0,0.9
PMC11512786,0.2,0.4,0.2,2,2,10,5,False,0,0,10,10,1.0,1.0
PMC11513307,0.2857142857142857,0.8571428571428571,0.5714285714285714,2,6,7,7,False,0,0,5,10,0.6,0.1
PMC11513570,0.125,0.6666666666666666,0.5416666666666666,2,4,16,6,False,0,0,8,10,1.0,0.5
PMC11513574,0.5454545454545454,0.6,0.054545454545454564,6,6,11,10,False,0,0,9,10,0.7777777777777778,0.6
PMC11513611,0.5,0.7777777777777778,0.2777777777777778,2,7,4,9,False,0,0,8,10,0.75,0.7
PMC11513658,0.0,1.0,1.0,0,6,3,6,False,0,0,8,10,1.0,0.7
PMC11513679,0.0,0.8,0.8,0,8,2,10,False,0,0,6,10,1.0,0.8
PMC11513788,0.25,0.125,-0.125,2,1,8,8,False,0,0,6,10,0.6666666666666666,0.5
PMC11514048,0.6666666666666666,0.5555555555555556,-0.11111111111111105,4,5,6,9,False,0,0,8,10,0.875,0.7
PMC11514712,0.3333333333333333,1.0,0.6666666666666667,2,8,6,8,False,0,0,8,10,1.0,0.7
PMC11517711,0.0,0.9,0.9,0,9,6,10,False,0,0,9,10,0.8888888888888888,0.0
PMC11518685,0.375,1.0,0.625,3,8,8,8,False,0,0,6,10,1.0,0.8
PMC11520005,0.2,1.0,0.8,1,8,5,8,False,0,0,6,10,1.0,0.8
PMC11520170,0.0,0.8,0.8,0,8,7,10,False,0,0,6,10,1.0,1.0
PMC11520492,0.3333333333333333,0.875,0.5416666666666667,3,7,9,8,False,0,0,5,10,1.0,0.3
PMC11520726,0.0,1.0,1.0,0,7,6,7,False,0,0,8,10,0.75,0.8
PMC11520920,0.14285714285714285,1.0,0.8571428571428572,1,6,7,6,False,0,0,8,10,0.875,0.8
PMC11520927,0.25,0.42857142857142855,0.17857142857142855,2,3,8,7,False,0,0,6,10,0.8333333333333334,0.6
PMC11521446,0.16666666666666666,0.7142857142857143,0.5476190476190477,1,5,6,7,False,0,0,7,10,1.0,0.9
PMC11521510,0.42857142857142855,0.8333333333333334,0.4047619047619048,3,5,7,6,False,0,0,7,10,1.0,0.7
PMC11521527,0.5,1.0,0.5,3,6,6,6,False,0,0,5,10,1.0,0.6
PMC11521537,0.375,0.125,-0.25,3,1,8,8,False,0,0,7,10,1.0,0.8
PMC11521797,0.5,0.25,-0.25,2,1,4,4,False,0,0,7,10,0.42857142857142855,0.8
PMC11521799,0.6,0.6,0.0,3,3,5,5,False,0,0,7,10,0.8571428571428571,0.8
PMC11522842,0.1111111111111111,1.0,0.8888888888888888,1,10,9,10,False,0,0,7,10,1.0,0.9
PMC11523574,0.0,0.7777777777777778,0.7777777777777778,0,7,8,9,False,0,0,9,9,1.0,0.4444444444444444
PMC11523868,0.25,0.0,-0.25,1,0,4,9,False,0,0,10,10,1.0,0.9
PMC11524643,0.375,0.625,0.25,3,5,8,8,False,0,0,8,10,1.0,0.8
PMC11524679,0.42857142857142855,0.5714285714285714,0.14285714285714285,3,4,7,7,False,0,0,6,9,1.0,0.8888888888888888
PMC11525064,0.0,1.0,1.0,0,5,6,5,False,0,0,7,10,1.0,1.0
PMC11525108,0.125,0.875,0.75,1,7,8,8,False,0,0,8,10,0.875,0.9
PMC11525117,0.375,0.8571428571428571,0.4821428571428571,3,6,8,7,False,0,0,6,8,0.8333333333333334,0.75
PMC11525124,0.5,0.125,-0.375,4,1,8,8,True,5,3,8,10,0.875,0.8
PMC11525155,0.3333333333333333,0.75,0.4166666666666667,3,6,9,8,False,0,0,5,10,1.0,0.9
PMC11526055,0.42857142857142855,1.0,0.5714285714285714,3,7,7,7,False,0,0,8,10,1.0,0.9
PMC11526311,0.16666666666666666,0.2857142857142857,0.11904761904761904,1,2,6,7,False,0,0,9,10,1.0,0.9
PMC11527655,0.5,1.0,0.5,5,7,10,7,False,0,0,6,10,0.8333333333333334,0.7
PMC11528231,0.0,1.0,1.0,0,5,5,5,False,0,0,7,10,0.8571428571428571,0.8
PMC11528664,0.0,0.75,0.75,0,6,6,8,False,0,0,7,10,1.0,0.7
PMC11529157,0.7777777777777778,0.625,-0.1527777777777778,7,5,9,8,False,0,0,10,10,1.0,0.7
PMC11529727,0.5,1.0,0.5,3,9,6,9,False,0,0,6,10,1.0,0.7
PMC11530288,0.125,1.0,0.875,1,7,8,7,False,0,0,6,10,1.0,0.9
PMC11530591,0.2222222222222222,0.1111111111111111,-0.1111111111111111,2,1,9,9,True,8,1,6,10,1.0,1.0
PMC11530609,0.2857142857142857,0.0,-0.2857142857142857,2,0,7,7,False,0,0,7,10,1.0,1.0
PMC11530963,0.3333333333333333,0.7142857142857143,0.380952380952381,2,5,6,7,False,0,0,7,10,1.0,0.5
PMC11531318,0.125,0.375,0.25,1,3,8,8,False,0,0,6,10,1.0,0.9
PMC11531864,0.5,1.0,0.5,3,6,6,6,False,0,0,6,10,0.8333333333333334,0.7
PMC11532085,0.2222222222222222,0.6666666666666666,0.4444444444444444,2,6,9,9,False,0,0,6,10,1.0,0.7
PMC11532302,0.8,1.0,0.19999999999999996,4,7,5,7,False,0,0,10,10,0.8,0.7
PMC11532450,0.375,0.375,0.0,3,3,8,8,True,6,2,5,10,1.0,0.9
PMC11532457,0.7142857142857143,0.75,0.0357142857142857,5,6,7,8,False,0,0,8,10,0.75,0.8
PMC11532648,0.4,0.8333333333333334,0.43333333333333335,2,5,5,6,False,0,0,5,10,1.0,1.0
PMC11532730,0.0,0.2857142857142857,0.2857142857142857,0,2,7,7,False,0,0,9,10,0.7777777777777778,0.9
PMC11532891,0.2857142857142857,0.42857142857142855,0.14285714285714285,2,3,7,7,False,0,0,6,10,1.0,0.7
PMC11532894,0.2,1.0,0.8,1,6,5,6,False,0,0,7,10,1.0,0.8
PMC11532896,0.14285714285714285,1.0,0.8571428571428572,1,7,7,7,False,0,0,8,10,0.875,1.0
PMC11532899,0.2,1.0,0.8,1,6,5,6,False,0,0,8,10,1.0,0.9
PMC11533465,0.2222222222222222,1.0,0.7777777777777778,2,10,9,10,False,0,0,7,10,1.0,0.8
PMC11533659,0.125,1.0,0.875,1,8,8,8,False,0,0,9,10,1.0,0.8
PMC11534418,0.1,0.3,0.19999999999999998,1,3,10,10,False,0,0,10,10,0.7,0.9
PMC11534438,0.42857142857142855,1.0,0.5714285714285714,3,8,7,8,False,0,0,9,10,1.0,0.9
PMC11534593,0.2857142857142857,1.0,0.7142857142857143,2,6,7,6,False,0,0,6,10,1.0,0.8
PMC11534721,0.25,1.0,0.75,1,7,4,7,False,0,0,9,10,0.8888888888888888,0.9
PMC11535121,0.16666666666666666,1.0,0.8333333333333334,1,6,6,6,False,0,0,6,9,1.0,0.8888888888888888
PMC11535410,0.3333333333333333,0.8333333333333334,0.5,2,5,6,6,False,0,0,7,10,1.0,0.5
PMC11535751,0.2857142857142857,0.4,0.11428571428571432,2,2,7,5,False,0,0,5,10,1.0,0.7
PMC11535851,0.5,0.8333333333333334,0.33333333333333337,3,5,6,6,False,0,0,10,10,0.9,0.8
PMC11535886,0.3333333333333333,0.42857142857142855,0.09523809523809523,2,3,6,7,False,0,0,9,10,1.0,1.0
PMC11535893,0.16666666666666666,0.3333333333333333,0.16666666666666666,1,2,6,6,True,5,1,6,10,1.0,1.0
PMC11535982,0.14285714285714285,1.0,0.8571428571428572,1,7,7,7,False,0,0,5,10,1.0,0.7
PMC11535983,0.4,0.8,0.4,2,4,5,5,False,0,0,7,10,1.0,0.9
PMC11537942,0.3333333333333333,1.0,0.6666666666666667,2,6,6,6,False,0,0,5,10,0.8,0.4
PMC11537990,0.125,0.6666666666666666,0.5416666666666666,1,6,8,9,False,0,0,8,10,1.0,0.8
PMC11539054,0.5,0.8,0.30000000000000004,5,8,10,10,False,0,0,8,10,1.0,1.0
PMC11539083,0.0,0.6666666666666666,0.6666666666666666,0,4,6,6,True,2,4,5,10,1.0,0.8
PMC11539088,0.0,0.5,0.5,0,5,5,10,False,0,0,8,10,0.875,0.9
PMC11539090,0.2,0.4,0.2,1,2,5,5,True,4,1,9,10,0.8888888888888888,1.0
PMC11539092,0.42857142857142855,0.7142857142857143,0.28571428571428575,3,5,7,7,True,5,2,7,8,1.0,1.0
PMC11539093,0.3333333333333333,1.0,0.6666666666666667,2,7,6,7,False,0,0,5,10,0.8,0.9
PMC11539355,0.0,0.375,0.375,0,3,6,8,False,0,0,8,10,1.0,0.9
PMC11539358,0.375,0.8571428571428571,0.4821428571428571,3,6,8,7,False,0,0,7,10,1.0,1.0
PMC11539359,0.0,1.0,1.0,0,6,5,6,False,0,0,8,10,1.0,0.8
PMC11539661,0.14285714285714285,1.0,0.8571428571428572,1,7,7,7,False,0,0,6,10,1.0,0.6
PMC11539712,0.1,1.0,0.9,1,9,10,9,False,0,0,9,10,1.0,0.7
PMC11539902,0.2857142857142857,0.7142857142857143,0.4285714285714286,2,5,7,7,False,0,0,5,10,1.0,0.7
PMC11540108,0.5,0.8571428571428571,0.3571428571428571,2,6,4,7,False,0,0,6,10,0.8333333333333334,0.5
PMC11540479,0.25,0.75,0.5,2,6,8,8,True,4,4,7,10,1.0,1.0
PMC11540552,0.5,0.8571428571428571,0.3571428571428571,5,6,10,7,False,0,0,7,10,0.8571428571428571,0.7
PMC11540929,0.0,1.0,1.0,0,10,10,10,False,0,0,8,10,1.0,0.9
PMC11541547,0.2,0.6,0.39999999999999997,2,6,10,10,False,0,0,5,10,1.0,1.0
PMC11541943,0.375,0.7777777777777778,0.4027777777777778,3,7,8,9,False,0,0,6,10,1.0,0.9
PMC11541951,0.0,0.7,0.7,0,7,5,10,False,0,0,6,6,0.8333333333333334,0.5
PMC11542042,0.42857142857142855,1.0,0.5714285714285714,3,7,7,7,False,0,0,7,10,1.0,0.9
PMC11542731,0.14285714285714285,1.0,0.8571428571428572,1,7,7,7,False,0,0,5,9,1.0,0.6666666666666666
PMC11543139,0.0,0.75,0.75,0,3,4,4,True,1,3,7,8,0.8571428571428571,0.75
PMC11543141,0.2222222222222222,1.0,0.7777777777777778,2,7,9,7,False,0,0,9,10,1.0,0.6
PMC11543143,0.5,0.8571428571428571,0.3571428571428571,3,6,6,7,False,0,0,6,10,0.8333333333333334,0.8
PMC11543216,0.2857142857142857,1.0,0.7142857142857143,2,7,7,7,False,0,0,6,10,1.0,1.0
PMC11543367,0.1,0.8,0.7000000000000001,1,8,10,10,False,0,0,10,10,0.9,1.0
PMC11543893,0.2857142857142857,0.7142857142857143,0.4285714285714286,2,5,7,7,False,0,0,6,10,1.0,1.0
PMC11543969,0.25,1.0,0.75,1,7,4,7,False,0,0,6,10,1.0,0.8
PMC11544071,0.16666666666666666,1.0,0.8333333333333334,1,7,6,7,False,0,0,7,10,1.0,0.9
PMC11544075,0.0,0.3333333333333333,0.3333333333333333,0,2,6,6,True,4,2,5,10,0.8,0.7
PMC11544087,0.2,0.8571428571428571,0.657142857142857,2,6,10,7,False,0,0,6,10,1.0,0.9
PMC11544749,0.7,0.8888888888888888,0.18888888888888888,7,8,10,9,False,0,0,8,10,1.0,1.0
PMC11544788,0.0,0.5714285714285714,0.5714285714285714,0,4,7,7,True,3,4,7,10,1.0,0.9
PMC11545131,0.1111111111111111,0.7142857142857143,0.6031746031746033,1,5,9,7,False,0,0,8,10,1.0,0.8
PMC11545415,0.125,0.4,0.275,1,4,8,10,False,0,0,8,10,1.0,0.4
PMC11545733,0.42857142857142855,0.7142857142857143,0.28571428571428575,3,5,7,7,False,0,0,8,10,1.0,0.7
PMC11545912,0.16666666666666666,0.6,0.43333333333333335,1,3,6,5,False,0,0,10,10,1.0,0.7
PMC11546005,0.5,1.0,0.5,3,6,6,6,False,0,0,5,10,1.0,0.4
PMC11546011,0.8571428571428571,1.0,0.1428571428571429,6,7,7,7,False,0,0,5,10,1.0,0.7
PMC11546151,0.16666666666666666,1.0,0.8333333333333334,1,6,6,6,False,0,0,5,10,1.0,0.9
PMC11546315,0.125,1.0,0.875,1,9,8,9,False,0,0,7,10,0.8571428571428571,0.5
PMC11546335,0.14285714285714285,1.0,0.8571428571428572,1,7,7,7,False,0,0,7,10,1.0,0.6
PMC11546350,0.0,0.75,0.75,0,6,8,8,False,0,0,9,10,1.0,0.8
PMC11546440,0.14285714285714285,1.0,0.8571428571428572,1,7,7,7,False,0,0,6,10,0.8333333333333334,0.7
PMC11546444,0.25,0.8571428571428571,0.6071428571428571,2,6,8,7,False,0,0,7,10,1.0,0.7
PMC11546450,0.25,0.0,-0.25,1,0,4,5,False,0,0,9,10,1.0,1.0
PMC11546455,0.0,0.5,0.5,0,4,6,8,False,0,0,7,10,1.0,0.9
PMC11546478,0.4,1.0,0.6,4,10,10,10,False,0,0,7,10,1.0,0.8
PMC11546675,0.3,0.8,0.5,3,8,10,10,False,0,0,7,9,1.0,1.0
PMC11546930,0.2857142857142857,0.8571428571428571,0.5714285714285714,2,6,7,7,False,0,0,9,10,1.0,0.5
PMC11548985,0.4,0.8,0.4,2,8,5,10,False,0,0,8,10,1.0,0.9
PMC11549103,0.16666666666666666,0.18181818181818182,0.015151515151515166,2,2,12,11,False,0,0,8,8,0.875,0.875
PMC11549663,0.3333333333333333,0.0,-0.3333333333333333,2,0,6,6,False,0,0,7,10,1.0,0.4
PMC11549668,0.1,0.6,0.5,1,6,10,10,False,0,0,7,10,0.8571428571428571,1.0
PMC11549693,0.7142857142857143,0.8571428571428571,0.1428571428571428,5,6,7,7,False,0,0,8,10,0.75,0.8
PMC11549870,0.8,0.6666666666666666,-0.13333333333333341,4,4,5,6,False,0,0,8,10,1.0,0.8
PMC11550023,0.2,1.0,0.8,1,6,5,6,False,0,0,6,10,1.0,0.7
PMC11550057,0.125,0.5,0.375,1,4,8,8,True,5,3,6,10,1.0,0.9
PMC11550089,0.1,0.8,0.7000000000000001,1,8,10,10,False,0,0,5,10,0.8,0.7
PMC11550105,0.2857142857142857,0.0,-0.2857142857142857,2,0,7,6,False,0,0,9,10,1.0,0.2
PMC11550152,0.0,0.9,0.9,0,9,10,10,False,0,0,7,10,1.0,0.9
PMC11550494,0.25,0.875,0.625,1,7,4,8,False,0,0,7,10,1.0,0.9
PMC11550580,0.0,0.6666666666666666,0.6666666666666666,0,4,5,6,False,0,0,8,10,1.0,0.7
PMC11550581,0.0,0.25,0.25,0,2,8,8,False,0,0,7,10,0.7142857142857143,0.8
PMC11550582,0.375,1.0,0.625,3,8,8,8,False,0,0,8,10,0.875,0.9
PMC11550622,0.0,0.625,0.625,0,5,6,8,False,0,0,8,10,1.0,0.8
PMC11550625,0.0,1.0,1.0,0,6,5,6,False,0,0,8,10,1.0,1.0
PMC11550627,0.5,0.7142857142857143,0.2142857142857143,3,5,6,7,False,0,0,7,10,1.0,0.7
PMC11550628,0.7142857142857143,1.0,0.2857142857142857,5,7,7,7,False,0,0,5,10,0.6,0.6
PMC11550647,0.625,0.875,0.25,5,7,8,8,False,0,0,6,10,1.0,0.9
PMC11550655,0.0,1.0,1.0,0,6,7,6,False,0,0,9,10,1.0,0.8
PMC11550676,0.2,0.75,0.55,2,6,10,8,False,0,0,7,10,1.0,0.8
PMC11550787,0.3,1.0,0.7,3,10,10,10,False,0,0,5,10,1.0,0.7
PMC11551012,0.4,1.0,0.6,2,6,5,6,False,0,0,9,10,1.0,0.8
PMC11551029,0.2,0.2,0.0,1,1,5,5,True,5,0,10,10,1.0,1.0
PMC11551071,0.16666666666666666,0.6666666666666666,0.5,1,4,6,6,False,0,0,8,10,0.75,0.6
PMC11551923,0.1,0.8571428571428571,0.7571428571428571,1,6,10,7,False,0,0,6,10,1.0,1.0
PMC11552360,0.16666666666666666,0.8571428571428571,0.6904761904761905,1,6,6,7,False,0,0,9,10,0.8888888888888888,0.6
PMC11552470,0.1,0.2,0.1,1,2,10,10,False,0,0,7,10,1.0,0.9
PMC11555239,0.0,0.0,0.0,0,0,10,10,False,0,0,6,10,0.8333333333333334,0.7
PMC11555240,0.2,1.0,0.8,1,5,5,5,False,0,0,5,10,0.8,0.8
PMC11555243,0.5,0.14285714285714285,-0.35714285714285715,3,1,6,7,False,0,0,7,10,1.0,0.8
PMC11555245,0.6,0.8,0.20000000000000007,3,4,5,5,False,0,0,6,10,0.8333333333333334,0.8
PMC11555247,0.0,0.75,0.75,0,6,8,8,False,0,0,9,10,1.0,0.9
PMC11555302,0.1,0.75,0.65,1,6,10,8,False,0,0,7,10,1.0,1.0
PMC11556835,0.2857142857142857,1.0,0.7142857142857143,2,8,7,8,False,0,0,6,10,1.0,0.3
PMC11557282,0.08333333333333333,0.75,0.6666666666666666,1,6,12,8,False,0,0,9,10,0.7777777777777778,0.9
PMC11557526,0.6,1.0,0.4,6,9,10,9,False,0,0,5,8,1.0,0.875
PMC11558020,0.0,0.8333333333333334,0.8333333333333334,0,5,7,6,False,0,0,7,10,0.7142857142857143,0.9
PMC11558024,0.3333333333333333,0.8333333333333334,0.5,2,5,6,6,False,0,0,7,10,0.8571428571428571,0.8
PMC11558033,0.4,1.0,0.6,2,9,5,9,False,0,0,6,10,1.0,0.8
PMC11558034,0.45454545454545453,0.09090909090909091,-0.36363636363636365,5,1,11,11,True,7,4,4,10,0.75,0.7
PMC11558619,0.5714285714285714,0.8333333333333334,0.261904761904762,4,5,7,6,False,0,0,5,10,1.0,0.8
PMC11558622,0.2,0.5,0.3,2,3,10,6,False,0,0,9,10,0.7777777777777778,0.9
PMC11558630,0.8571428571428571,1.0,0.1428571428571429,6,9,7,9,False,0,0,8,10,0.875,0.7
PMC11558725,0.875,0.25,-0.625,7,2,8,8,True,3,5,8,10,1.0,0.9
PMC11559602,0.6153846153846154,0.23076923076923078,-0.38461538461538464,8,3,13,13,True,6,7,3,10,1.0,0.3
PMC11560283,0.16666666666666666,1.0,0.8333333333333334,1,6,6,6,False,0,0,8,10,1.0,0.1
PMC11560885,0.14285714285714285,0.14285714285714285,0.0,1,1,7,7,False,0,0,7,10,1.0,0.6
PMC11561697,0.0,0.8,0.8,0,4,8,5,False,0,0,7,10,0.8571428571428571,0.9
PMC11562408,0.5714285714285714,0.8571428571428571,0.2857142857142857,4,6,7,7,False,0,0,7,10,1.0,0.9
PMC11563158,0.16666666666666666,0.875,0.7083333333333334,1,7,6,8,False,0,0,9,10,1.0,0.1
PMC11563655,0.0,1.0,1.0,0,7,6,7,False,0,0,6,10,1.0,0.9
PMC11563708,0.1111111111111111,0.9,0.788888888888889,1,9,9,10,False,0,0,7,10,1.0,0.8
PMC11564014,0.14285714285714285,1.0,0.8571428571428572,1,8,7,8,False,0,0,8,10,1.0,0.9
PMC11564058,0.0,1.0,1.0,0,6,6,6,False,0,0,7,10,1.0,0.9
PMC11565493,0.2,1.0,0.8,1,7,5,7,False,0,0,6,10,1.0,0.8
PMC11566376,0.75,0.8571428571428571,0.1071428571428571,6,6,8,7,False,0,0,7,10,1.0,0.8
PMC11566381,0.5,0.375,-0.125,2,3,4,8,False,0,0,10,10,1.0,0.6
PMC11566384,0.375,1.0,0.625,3,8,8,8,False,0,0,9,10,1.0,0.8
PMC11566699,0.4,0.0,-0.4,2,0,5,5,False,0,0,6,10,0.8333333333333334,0.8
PMC11567755,0.3333333333333333,0.8333333333333334,0.5,2,5,6,6,False,0,0,8,10,1.0,1.0
PMC11567915,0.4,0.6,0.19999999999999996,2,3,5,5,False,0,0,5,10,1.0,0.8
PMC11568273,0.45454545454545453,1.0,0.5454545454545454,5,9,11,9,False,0,0,8,10,1.0,0.9
PMC11568805,0.4,0.0,-0.4,2,0,5,5,False,0,0,6,10,1.0,0.7
PMC11569424,0.7,1.0,0.30000000000000004,7,9,10,9,False,0,0,7,10,1.0,1.0
PMC11569933,0.6666666666666666,0.2222222222222222,-0.4444444444444444,6,2,9,9,True,3,6,6,10,1.0,1.0
PMC11570398,0.25,0.6666666666666666,0.41666666666666663,1,4,4,6,False,0,0,7,8,0.7142857142857143,0.875
PMC11570408,0.14285714285714285,1.0,0.8571428571428572,1,6,7,6,False,0,0,6,10,1.0,0.6
PMC11570409,0.5714285714285714,0.2857142857142857,-0.2857142857142857,4,2,7,7,False,0,0,8,10,0.875,0.7
PMC11570410,0.8,0.8,0.0,4,4,5,5,True,5,0,5,10,1.0,1.0
PMC11570427,0.6666666666666666,1.0,0.33333333333333337,4,6,6,6,False,0,0,6,9,1.0,0.6666666666666666
PMC11570433,0.42857142857142855,1.0,0.5714285714285714,3,7,7,7,False,0,0,5,10,1.0,0.9
PMC11570442,0.1111111111111111,0.5555555555555556,0.4444444444444445,1,5,9,9,False,0,0,7,10,0.8571428571428571,0.8
PMC11570475,0.8571428571428571,1.0,0.1428571428571429,6,7,7,7,False,0,0,8,6,1.0,1.0
PMC11570777,0.2,1.0,0.8,1,4,5,4,False,0,0,5,10,1.0,1.0
PMC11570851,0.7142857142857143,1.0,0.2857142857142857,5,8,7,8,False,0,0,8,10,1.0,0.8
PMC11570888,0.2,0.5,0.3,2,4,10,8,False,0,0,8,10,0.625,0.6
PMC11570889,0.375,0.375,0.0,3,3,8,8,True,8,0,6,7,1.0,1.0
PMC11570892,0.375,1.0,0.625,3,8,8,8,False,0,0,5,10,1.0,0.8
PMC11570896,0.6,0.5,-0.09999999999999998,3,2,5,4,False,0,0,7,10,1.0,1.0
PMC11570897,0.5,0.14285714285714285,-0.35714285714285715,3,1,6,7,False,0,0,7,10,1.0,0.5
PMC11570898,0.0,0.875,0.875,0,7,6,8,False,0,0,9,10,1.0,0.7
PMC11570900,0.5,1.0,0.5,4,7,8,7,False,0,0,5,10,1.0,0.5
PMC11570904,0.8,1.0,0.19999999999999996,4,8,5,8,False,0,0,7,10,1.0,0.9
PMC11570905,0.3,1.0,0.7,3,9,10,9,False,0,0,8,10,1.0,1.0
PMC11570962,0.5,0.8333333333333334,0.33333333333333337,3,5,6,6,False,0,0,6,10,1.0,0.9
PMC11571544,0.0,1.0,1.0,0,8,8,8,False,0,0,7,6,1.0,1.0
PMC11571753,0.2,0.875,0.675,1,7,5,8,False,0,0,6,10,1.0,0.7
PMC11572399,0.2,0.6,0.39999999999999997,2,6,10,10,True,6,4,5,10,0.8,1.0
PMC11572469,0.4,0.625,0.22499999999999998,2,5,5,8,False,0,0,5,8,1.0,0.75
PMC11573236,0.8,0.875,0.07499999999999996,4,7,5,8,False,0,0,5,9,1.0,0.7777777777777778
PMC11573436,0.3,0.2,-0.09999999999999998,3,2,10,10,True,5,5,7,10,1.0,0.9
PMC11573437,0.4,0.8,0.4,2,4,5,5,False,0,0,6,10,0.6666666666666666,0.8
PMC11574581,0.0,0.25,0.25,0,2,8,8,False,0,0,8,9,1.0,0.8888888888888888
PMC11575472,0.16666666666666666,1.0,0.8333333333333334,1,7,6,7,False,0,0,6,10,1.0,0.8
PMC11576936,0.6,0.75,0.15000000000000002,3,3,5,4,False,0,0,6,10,1.0,0.8
PMC11577282,0.16666666666666666,1.0,0.8333333333333334,1,6,6,6,False,0,0,5,10,1.0,0.7
PMC11577607,0.2,1.0,0.8,1,7,5,7,False,0,0,9,10,1.0,1.0
PMC11578613,0.0,0.14285714285714285,0.14285714285714285,0,1,8,7,False,0,0,10,10,1.0,0.8
PMC11578990,0.1111111111111111,0.7777777777777778,0.6666666666666667,1,7,9,9,False,0,0,5,6,1.0,1.0
PMC11580061,0.0,0.0,0.0,0,0,7,7,False,0,0,6,10,1.0,0.9
PMC11580626,0.1,0.2,0.1,1,2,10,10,False,0,0,6,10,1.0,0.8
PMC11580657,0.3333333333333333,1.0,0.6666666666666667,2,6,6,6,False,0,0,6,10,1.0,0.9
PMC11581448,0.5,0.0,-0.5,5,0,10,10,False,0,0,7,10,1.0,0.9
PMC11581884,0.1111111111111111,1.0,0.8888888888888888,1,9,9,9,False,0,0,7,10,1.0,0.8
PMC11582310,0.0,0.875,0.875,0,7,7,8,False,0,0,5,10,1.0,0.7
PMC11582521,0.14285714285714285,0.2857142857142857,0.14285714285714285,1,2,7,7,False,0,0,10,10,1.0,1.0
PMC11582737,0.125,1.0,0.875,1,8,8,8,False,0,0,6,9,1.0,0.8888888888888888
PMC11583105,0.0,0.875,0.875,0,7,6,8,False,0,0,7,10,1.0,0.4
PMC11583687,0.0,1.0,1.0,0,7,7,7,False,0,0,7,10,1.0,1.0
PMC11583689,0.6,0.8,0.20000000000000007,3,4,5,5,False,0,0,7,10,1.0,0.9
PMC11583715,0.7142857142857143,0.875,0.1607142857142857,5,7,7,8,False,0,0,9,10,0.7777777777777778,0.7
PMC11584215,0.0,1.0,1.0,0,10,10,10,False,0,0,8,10,1.0,1.0
PMC11584938,0.5,0.6,0.09999999999999998,5,6,10,10,False,0,0,7,10,1.0,0.7
PMC11585286,0.6666666666666666,1.0,0.33333333333333337,4,7,6,7,False,0,0,5,10,0.8,0.6
PMC11585463,0.2857142857142857,1.0,0.7142857142857143,2,6,7,6,False,0,0,6,10,1.0,0.7
PMC11585464,0.75,0.875,0.125,3,7,4,8,False,0,0,9,8,1.0,0.75
PMC11585467,0.0,0.3333333333333333,0.3333333333333333,0,2,4,6,False,0,0,10,10,1.0,0.7
PMC11585468,0.2857142857142857,1.0,0.7142857142857143,2,9,7,9,False,0,0,7,10,0.8571428571428571,0.7
PMC11585469,0.8,0.8,0.0,4,4,5,5,False,0,0,7,10,1.0,0.7
PMC11585532,0.14285714285714285,0.8571428571428571,0.7142857142857142,1,6,7,7,False,0,0,6,10,1.0,0.5
PMC11585647,0.3333333333333333,1.0,0.6666666666666667,2,6,6,6,False,0,0,6,10,1.0,0.6
PMC11585741,0.0,0.9,0.9,0,9,10,10,False,0,0,9,10,0.4444444444444444,0.6
PMC11585835,0.2,0.6,0.39999999999999997,1,3,5,5,False,0,0,10,10,0.8,0.6
PMC11586779,0.2,0.3,0.09999999999999998,2,3,10,10,False,0,0,7,10,0.7142857142857143,0.9
PMC11587022,0.4444444444444444,1.0,0.5555555555555556,4,7,9,7,False,0,0,6,10,1.0,0.6
PMC11587067,0.5,0.3333333333333333,-0.16666666666666669,3,2,6,6,False,0,0,5,9,0.8,0.3333333333333333
PMC11587177,0.16666666666666666,1.0,0.8333333333333334,1,7,6,7,False,0,0,10,10,1.0,0.7
PMC11587182,0.16666666666666666,1.0,0.8333333333333334,1,7,6,7,False,0,0,9,10,0.7777777777777778,0.8
PMC11587891,0.2,1.0,0.8,1,10,5,10,False,0,0,7,10,0.8571428571428571,1.0
PMC11588351,0.125,0.375,0.25,1,3,8,8,False,0,0,6,10,0.8333333333333334,0.8
PMC11588352,0.4,0.5714285714285714,0.17142857142857137,2,4,5,7,False,0,0,8,7,0.875,1.0
PMC11590343,0.0,0.5,0.5,0,4,5,8,False,0,0,5,8,0.8,1.0
PMC11590628,0.0,0.7142857142857143,0.7142857142857143,0,5,8,7,False,0,0,5,8,1.0,0.5
PMC11590757,0.5,0.5,0.0,3,3,6,6,False,0,0,10,9,1.0,1.0
PMC11592753,0.2222222222222222,0.7777777777777778,0.5555555555555556,2,7,9,9,True,4,5,7,10,0.8571428571428571,0.6
PMC11592984,0.0,0.6,0.6,0,3,6,5,False,0,0,7,10,1.0,0.2
PMC11593246,0.6,0.4,-0.19999999999999996,3,2,5,5,False,0,0,6,10,1.0,0.9
PMC11593385,0.5714285714285714,0.6666666666666666,0.09523809523809523,4,4,7,6,False,0,0,8,8,1.0,0.75
PMC11593470,0.5,0.875,0.375,5,7,10,8,False,0,0,8,10,1.0,0.5
PMC11593478,0.5,1.0,0.5,5,9,10,9,False,0,0,6,10,1.0,1.0
PMC11593528,0.5,1.0,0.5,3,7,6,7,False,0,0,6,10,1.0,0.2
PMC11593787,0.8571428571428571,1.0,0.1428571428571429,6,7,7,7,False,0,0,5,10,1.0,0.5
PMC11595307,0.1111111111111111,0.7777777777777778,0.6666666666666667,1,7,9,9,False,0,0,7,10,0.7142857142857143,0.9
PMC11595504,0.6666666666666666,1.0,0.33333333333333337,6,10,9,10,False,0,0,10,10,1.0,0.8
PMC11595520,0.3333333333333333,0.8333333333333334,0.5,2,5,6,6,False,0,0,7,6,0.5714285714285714,0.6666666666666666
PMC11595616,0.16666666666666666,0.8888888888888888,0.7222222222222222,1,8,6,9,False,0,0,6,10,1.0,0.8
PMC11595676,0.5,0.2222222222222222,-0.2777777777777778,3,2,6,9,False,0,0,7,10,0.8571428571428571,1.0
PMC11595775,0.0,0.875,0.875,0,7,8,8,False,0,0,8,10,1.0,1.0
PMC11595896,0.3333333333333333,0.625,0.2916666666666667,3,5,9,8,False,0,0,7,9,0.8571428571428571,0.8888888888888888
PMC11596126,0.6,0.5,-0.09999999999999998,3,2,5,4,False,0,0,6,10,1.0,1.0
PMC11596152,0.5555555555555556,1.0,0.4444444444444444,5,10,9,10,False,0,0,6,10,1.0,0.8
PMC11596290,0.1111111111111111,0.7777777777777778,0.6666666666666667,1,7,9,9,False,0,0,7,10,1.0,0.7
PMC11596470,0.375,0.8571428571428571,0.4821428571428571,3,6,8,7,False,0,0,10,9,0.6,0.7777777777777778
PMC11598936,0.6,1.0,0.4,3,6,5,6,False,0,0,5,10,1.0,0.4
PMC11599250,0.0,0.6,0.6,0,6,8,10,False,0,0,5,10,0.8,0.5
PMC11600914,0.14285714285714285,1.0,0.8571428571428572,1,5,7,5,False,0,0,10,10,1.0,0.9
PMC11601975,0.14285714285714285,0.0,-0.14285714285714285,1,0,7,7,True,6,1,7,10,1.0,0.6
PMC11602190,0.3,0.6666666666666666,0.36666666666666664,3,6,10,9,False,0,0,7,10,0.8571428571428571,0.6
PMC11602201,0.0,0.0,0.0,0,0,7,7,False,0,0,8,10,1.0,1.0
PMC11602209,0.5,0.8333333333333334,0.33333333333333337,4,5,8,6,False,0,0,6,10,0.8333333333333334,0.6
PMC11602238,0.2857142857142857,0.14285714285714285,-0.14285714285714285,2,1,7,7,True,6,1,5,10,0.8,0.8
PMC11602239,0.6,0.2,-0.39999999999999997,3,1,5,5,False,0,0,6,10,1.0,0.8
PMC11602264,0.14285714285714285,1.0,0.8571428571428572,1,8,7,8,False,0,0,10,8,1.0,0.5
PMC11602322,0.25,1.0,0.75,1,6,4,6,False,0,0,5,10,1.0,0.7
PMC11602441,0.3,0.1,-0.19999999999999998,3,1,10,10,False,0,0,6,10,1.0,0.5
PMC11602468,0.2857142857142857,0.8571428571428571,0.5714285714285714,2,6,7,7,False,0,0,6,8,0.6666666666666666,0.875
PMC11602826,0.0,1.0,1.0,0,6,6,6,False,0,0,8,10,0.875,0.7
PMC11602968,0.375,0.875,0.5,3,7,8,8,False,0,0,6,10,0.8333333333333334,1.0
PMC11602993,1.0,1.0,0.0,5,5,5,5,False,0,0,6,10,1.0,0.8
PMC11603356,0.7142857142857143,0.42857142857142855,-0.28571428571428575,5,3,7,7,True,5,2,6,10,1.0,0.6
PMC11603479,1.0,1.0,0.0,7,7,7,7,False,0,0,9,10,1.0,0.6
PMC11603565,0.25,0.6,0.35,3,3,12,5,False,0,0,10,10,1.0,0.6
PMC11604252,0.3,1.0,0.7,3,10,10,10,False,0,0,7,10,1.0,0.5
PMC11605179,0.125,0.5,0.375,1,4,8,8,True,5,3,7,10,0.8571428571428571,0.6
PMC11605346,0.5,0.875,0.375,4,7,8,8,False,0,0,8,10,1.0,1.0
PMC11605353,0.3,0.0,-0.3,3,0,10,10,False,0,0,8,10,1.0,0.8
PMC11605390,0.2,0.7777777777777778,0.5777777777777777,1,7,5,9,False,0,0,7,10,1.0,0.7
PMC11605394,0.0,0.16666666666666666,0.16666666666666666,0,1,6,6,True,5,1,6,10,0.6666666666666666,0.6
PMC11605744,0.0,0.375,0.375,0,3,8,8,True,5,3,6,10,0.6666666666666666,0.9
PMC11606182,0.7142857142857143,1.0,0.2857142857142857,5,7,7,7,False,0,0,6,10,1.0,1.0
PMC11606399,0.0,1.0,1.0,0,9,7,9,False,0,0,7,10,1.0,1.0
PMC11607744,0.3333333333333333,1.0,0.6666666666666667,2,6,6,6,False,0,0,8,9,1.0,1.0
PMC11608915,0.6666666666666666,1.0,0.33333333333333337,6,5,9,5,False,0,0,8,10,1.0,0.8
PMC11608958,0.42857142857142855,0.2857142857142857,-0.14285714285714285,3,2,7,7,False,0,0,9,10,1.0,0.8
PMC11609104,0.0,1.0,1.0,0,7,7,7,False,0,0,7,10,0.8571428571428571,0.7
PMC11609105,0.25,0.5,0.25,2,5,8,10,False,0,0,9,10,0.5555555555555556,0.5
PMC11609106,0.75,0.0,-0.75,6,0,8,7,False,0,0,6,10,0.8333333333333334,0.2
PMC11609108,0.4,1.0,0.6,4,6,10,6,False,0,0,8,10,1.0,0.4
PMC11609109,0.2222222222222222,0.9,0.6777777777777778,2,9,9,10,False,0,0,8,10,1.0,1.0
PMC11609111,0.18181818181818182,0.8,0.6181818181818182,2,8,11,10,False,0,0,6,10,1.0,0.6
PMC11609113,0.6666666666666666,0.8333333333333334,0.16666666666666674,2,5,3,6,False,0,0,6,10,1.0,0.4
PMC11609380,0.0,0.7142857142857143,0.7142857142857143,0,5,6,7,False,0,0,8,10,1.0,0.8
PMC11609516,0.25,0.125,-0.125,2,1,8,8,False,0,0,8,10,0.875,0.7
PMC11609534,0.4444444444444444,1.0,0.5555555555555556,4,7,9,7,False,0,0,6,10,0.6666666666666666,0.4
PMC11609535,0.2857142857142857,1.0,0.7142857142857143,2,8,7,8,False,0,0,5,10,1.0,0.4
PMC11609537,0.125,1.0,0.875,1,8,8,8,False,0,0,6,10,0.8333333333333334,0.8
PMC11609539,0.42857142857142855,0.0,-0.42857142857142855,3,0,7,6,False,0,0,7,10,1.0,0.9
PMC11609549,0.0,0.8,0.8,0,8,8,10,False,0,0,10,10,1.0,1.0
PMC11609554,0.0,1.0,1.0,0,8,8,8,False,0,0,7,10,0.8571428571428571,0.9
PMC11609615,0.1,0.42857142857142855,0.3285714285714285,1,3,10,7,False,0,0,10,10,0.9,1.0
PMC11610363,0.3333333333333333,0.8888888888888888,0.5555555555555556,2,8,6,9,False,0,0,7,10,1.0,0.9
PMC11611394,0.14285714285714285,0.9,0.7571428571428571,1,9,7,10,False,0,0,6,10,0.8333333333333334,0.7
PMC11611546,0.16666666666666666,0.16666666666666666,0.0,1,1,6,6,False,0,0,8,10,1.0,0.3
PMC11613866,0.7142857142857143,0.7142857142857143,0.0,5,5,7,7,True,5,2,8,9,0.875,1.0
PMC11614507,0.3,1.0,0.7,3,8,10,8,False,0,0,7,10,1.0,0.9
PMC11614712,0.2,0.5,0.3,1,5,5,10,False,0,0,8,10,1.0,0.1
PMC11614780,0.42857142857142855,1.0,0.5714285714285714,3,7,7,7,False,0,0,7,10,0.8571428571428571,0.5
PMC11614787,0.7142857142857143,1.0,0.2857142857142857,5,6,7,6,False,0,0,6,10,1.0,0.8
PMC11614790,0.14285714285714285,0.875,0.7321428571428572,1,7,7,8,False,0,0,6,10,1.0,0.7
PMC11614822,0.3333333333333333,0.5,0.16666666666666669,2,3,6,6,False,0,0,9,10,1.0,0.7
PMC11614853,0.25,0.2,-0.04999999999999999,2,1,8,5,False,0,0,7,9,0.8571428571428571,0.8888888888888888
PMC11615159,0.1111111111111111,0.7777777777777778,0.6666666666666667,1,7,9,9,False,0,0,9,10,1.0,0.8
PMC11615972,0.2,0.6,0.39999999999999997,1,3,5,5,False,0,0,10,10,1.0,0.8
PMC11615976,1.0,0.6,-0.4,10,6,10,10,False,0,0,7,10,1.0,0.9
PMC11616425,0.3,0.4,0.10000000000000003,3,4,10,10,True,7,3,7,10,0.8571428571428571,0.8
PMC11617075,0.5,0.8571428571428571,0.3571428571428571,5,6,10,7,False,0,0,8,10,0.75,0.7
PMC11617203,0.2,0.8888888888888888,0.6888888888888889,2,8,10,9,False,0,0,7,8,1.0,0.875
PMC11617239,0.4,1.0,0.6,2,8,5,8,False,0,0,7,10,1.0,0.9
PMC11617348,0.42857142857142855,1.0,0.5714285714285714,3,7,7,7,True,3,4,7,10,0.8571428571428571,1.0
PMC11617361,0.4,0.8333333333333334,0.43333333333333335,2,5,5,6,False,0,0,8,10,0.875,0.7
PMC11617506,0.3333333333333333,1.0,0.6666666666666667,3,7,9,7,False,0,0,6,10,1.0,0.8
PMC11617941,1.0,0.8,-0.19999999999999996,4,4,4,5,False,0,0,6,8,1.0,0.625
PMC11618002,0.6,0.8888888888888888,0.28888888888888886,6,8,10,9,False,0,0,6,10,1.0,0.7
PMC11618025,0.375,1.0,0.625,3,8,8,8,False,0,0,8,9,0.75,0.8888888888888888
PMC11618910,0.0,1.0,1.0,0,6,6,6,False,0,0,9,10,1.0,0.6
PMC11620073,0.25,0.125,-0.125,2,1,8,8,False,0,0,6,10,0.8333333333333334,0.7
PMC11620890,0.5714285714285714,1.0,0.4285714285714286,4,6,7,6,False,0,0,6,8,1.0,0.875
PMC11621056,0.75,1.0,0.25,3,6,4,6,False,0,0,6,10,1.0,0.5
PMC11621058,0.7142857142857143,0.8333333333333334,0.11904761904761907,5,5,7,6,False,0,0,7,8,0.8571428571428571,1.0
PMC11621059,0.42857142857142855,1.0,0.5714285714285714,3,7,7,7,False,0,0,10,10,0.9,0.6
PMC11621492,0.3333333333333333,0.9,0.5666666666666667,3,9,9,10,False,0,0,7,10,0.8571428571428571,0.9
PMC11621592,0.16666666666666666,1.0,0.8333333333333334,1,7,6,7,False,0,0,8,10,1.0,0.6
PMC11621671,0.2,0.4,0.2,1,2,5,5,True,4,1,9,10,1.0,1.0
PMC11621942,0.2222222222222222,0.1111111111111111,-0.1111111111111111,2,1,9,9,False,0,0,8,10,0.875,0.8
PMC11622114,0.2857142857142857,1.0,0.7142857142857143,2,8,7,8,False,0,0,9,10,0.8888888888888888,0.9
PMC11622249,0.16666666666666666,0.8571428571428571,0.6904761904761905,1,6,6,7,False,0,0,7,10,1.0,0.9
PMC11622295,0.8,1.0,0.19999999999999996,4,7,5,7,False,0,0,6,7,1.0,0.8571428571428571
PMC11623819,0.2222222222222222,1.0,0.7777777777777778,2,8,9,8,False,0,0,5,10,1.0,0.5
PMC11623831,0.0,0.25,0.25,0,1,4,4,True,3,1,7,10,1.0,1.0
PMC11623865,0.2222222222222222,1.0,0.7777777777777778,2,7,9,7,False,0,0,8,10,0.875,0.6
PMC11623879,0.6666666666666666,1.0,0.33333333333333337,2,6,3,6,False,0,0,5,10,1.0,1.0
PMC11623884,0.8333333333333334,0.9,0.06666666666666665,5,9,6,10,False,0,0,7,10,1.0,0.9
PMC11623908,0.3,1.0,0.7,3,7,10,7,False,0,0,8,10,0.875,0.6
PMC11624030,0.6,0.2,-0.39999999999999997,3,1,5,5,True,3,2,6,10,1.0,0.9
PMC11624035,0.0,0.0,0.0,0,0,10,8,False,0,0,7,10,1.0,0.4
PMC11624525,0.0,0.14285714285714285,0.14285714285714285,0,1,7,7,True,6,1,10,10,1.0,1.0
PMC11624527,0.5,1.0,0.5,3,5,6,5,False,0,0,8,9,1.0,0.4444444444444444
PMC11624669,0.4,0.9,0.5,4,9,10,10,False,0,0,7,10,1.0,0.8
PMC11624895,0.2,1.0,0.8,1,6,5,6,False,0,0,6,10,1.0,1.0
PMC11625086,0.16666666666666666,0.0,-0.16666666666666666,1,0,6,6,False,0,0,10,10,1.0,0.9
PMC11625097,0.0,1.0,1.0,0,9,10,9,False,0,0,7,10,1.0,0.6
PMC11625099,0.5,0.875,0.375,4,7,8,8,False,0,0,4,6,1.0,0.6666666666666666
PMC11625100,0.0,0.8888888888888888,0.8888888888888888,0,8,9,9,False,0,0,7,10,1.0,0.8
PMC11625102,0.4,0.7,0.29999999999999993,4,7,10,10,False,0,0,6,10,0.8333333333333334,1.0
PMC11625103,0.25,0.75,0.5,2,6,8,8,False,0,0,7,7,1.0,0.8571428571428571
PMC11625104,0.3333333333333333,0.75,0.4166666666666667,2,6,6,8,False,0,0,4,10,1.0,0.6
PMC11625105,0.625,0.1111111111111111,-0.5138888888888888,5,1,8,9,False,0,0,5,10,0.8,0.4
PMC11625106,0.4444444444444444,0.75,0.3055555555555556,4,6,9,8,False,0,0,7,8,0.8571428571428571,1.0
PMC11625107,0.4,1.0,0.6,2,6,5,6,False,0,0,6,9,1.0,1.0
PMC11625109,0.42857142857142855,0.7142857142857143,0.28571428571428575,3,5,7,7,False,0,0,5,10,1.0,0.9
PMC11625110,0.2,1.0,0.8,1,5,5,5,False,0,0,7,10,0.7142857142857143,0.1
PMC11625111,0.6,1.0,0.4,3,7,5,7,False,0,0,6,10,0.8333333333333334,0.9
PMC11625112,0.3333333333333333,0.5714285714285714,0.23809523809523808,2,4,6,7,False,0,0,4,10,1.0,0.7
PMC11625114,0.2222222222222222,0.1111111111111111,-0.1111111111111111,2,1,9,9,True,6,3,8,10,1.0,0.8
PMC11625115,0.2,0.8333333333333334,0.6333333333333333,1,5,5,6,False,0,0,7,10,1.0,0.9
PMC11625228,0.6666666666666666,1.0,0.33333333333333337,6,8,9,8,False,0,0,7,9,1.0,0.5555555555555556
PMC11625232,0.5555555555555556,0.2222222222222222,-0.33333333333333337,5,2,9,9,True,6,3,7,10,1.0,0.8
PMC11625236,0.5714285714285714,0.7142857142857143,0.1428571428571429,4,5,7,7,False,0,0,5,10,0.8,0.9
PMC11625237,0.0,0.8333333333333334,0.8333333333333334,0,5,5,6,False,0,0,5,10,1.0,0.7
PMC11625238,0.3333333333333333,0.25,-0.08333333333333331,5,1,15,4,False,0,0,6,10,1.0,1.0
PMC11625412,0.0,1.0,1.0,0,5,5,5,False,0,0,7,10,0.8571428571428571,0.8
PMC11625590,0.0,1.0,1.0,0,10,10,10,False,0,0,6,10,0.8333333333333334,0.7
PMC11625634,0.0,0.0,0.0,0,0,6,6,True,6,0,7,10,1.0,0.9
PMC11626487,0.4,0.75,0.35,2,6,5,8,False,0,0,10,10,1.0,0.6
PMC11626533,0.0,0.7142857142857143,0.7142857142857143,0,5,6,7,False,0,0,8,10,1.0,0.6
PMC11626641,0.16666666666666666,0.7777777777777778,0.6111111111111112,1,7,6,9,False,0,0,6,10,0.8333333333333334,0.8
PMC11626642,0.5714285714285714,0.3333333333333333,-0.23809523809523808,4,2,7,6,False,0,0,7,10,0.8571428571428571,0.7
PMC11626643,0.0,1.0,1.0,0,6,4,6,False,0,0,6,9,1.0,0.6666666666666666
PMC11626645,0.42857142857142855,0.8,0.3714285714285715,3,8,7,10,False,0,0,6,10,1.0,0.7
PMC11626717,0.5,0.8333333333333334,0.33333333333333337,3,5,6,6,True,4,2,7,10,1.0,1.0
PMC11626718,0.0,0.25,0.25,0,2,8,8,False,0,0,10,10,1.0,0.9
PMC11626813,0.14285714285714285,1.0,0.8571428571428572,1,8,7,8,False,0,0,10,10,1.0,0.9
PMC11626830,0.6666666666666666,0.8333333333333334,0.16666666666666674,4,5,6,6,False,0,0,5,10,1.0,0.6
PMC11628370,0.6,1.0,0.4,3,7,5,7,False,0,0,8,10,1.0,0.8
PMC11628383,0.0,1.0,1.0,0,8,5,8,False,0,0,7,10,1.0,1.0
PMC11629188,0.42857142857142855,1.0,0.5714285714285714,3,7,7,7,False,0,0,8,10,0.875,0.7
PMC11629253,0.2,0.7142857142857143,0.5142857142857142,1,5,5,7,False,0,0,9,10,1.0,0.6
PMC11629262,0.5,1.0,0.5,5,10,10,10,False,0,0,6,10,0.8333333333333334,1.0
PMC11629269,0.2,0.6,0.39999999999999997,1,3,5,5,False,0,0,7,10,0.2857142857142857,0.8
PMC11629271,0.4,1.0,0.6,2,6,5,6,False,0,0,7,10,1.0,0.9
PMC11629470,0.3333333333333333,0.8333333333333334,0.5,2,5,6,6,False,0,0,7,10,1.0,0.6
PMC11629476,0.4,1.0,0.6,4,10,10,10,False,0,0,7,10,1.0,0.9
PMC11629479,0.2857142857142857,1.0,0.7142857142857143,2,7,7,7,False,0,0,10,10,0.7,0.6
PMC11629480,0.16666666666666666,0.16666666666666666,0.0,1,1,6,6,False,0,0,10,10,0.9,0.7
PMC11630748,0.0,0.8333333333333334,0.8333333333333334,0,5,6,6,False,0,0,6,10,1.0,0.7
PMC11630786,1.0,0.8571428571428571,-0.1428571428571429,5,6,5,7,False,0,0,7,10,1.0,0.8
PMC11630794,0.8333333333333334,0.8333333333333334,0.0,5,5,6,6,False,0,0,8,10,1.0,0.9
PMC11631160,0.0,0.875,0.875,0,7,7,8,False,0,0,5,10,1.0,0.8
PMC11631573,0.2222222222222222,0.5714285714285714,0.3492063492063492,2,4,9,7,False,0,0,8,10,1.0,0.8
PMC11631590,0.5714285714285714,0.8,0.22857142857142865,4,8,7,10,False,0,0,8,8,1.0,0.875
PMC11631597,0.4,0.8333333333333334,0.43333333333333335,2,5,5,6,False,0,0,7,7,0.8571428571428571,0.8571428571428571
PMC11631938,0.16666666666666666,0.8333333333333334,0.6666666666666667,1,5,6,6,False,0,0,8,10,1.0,0.5
PMC11632462,0.14285714285714285,1.0,0.8571428571428572,1,8,7,8,False,0,0,7,10,1.0,1.0
PMC11632472,0.25,1.0,0.75,2,8,8,8,False,0,0,6,7,1.0,1.0
PMC11632478,0.5454545454545454,1.0,0.4545454545454546,6,10,11,10,False,0,0,10,10,1.0,0.9
PMC11632491,0.7,1.0,0.30000000000000004,7,7,10,7,False,0,0,7,10,1.0,0.7
PMC11632505,0.16666666666666666,0.8571428571428571,0.6904761904761905,1,6,6,7,False,0,0,6,10,0.3333333333333333,0.8
PMC11632519,1.0,1.0,0.0,6,6,6,6,False,0,0,8,10,0.875,0.6
PMC11632602,0.5,1.0,0.5,3,8,6,8,False,0,0,6,10,1.0,0.9
PMC11632733,0.0,1.0,1.0,0,9,9,9,False,0,0,7,10,0.5714285714285714,0.8
PMC11632747,0.1111111111111111,0.7,0.5888888888888888,1,7,9,10,False,0,0,10,10,1.0,0.9
PMC11632824,0.0,0.375,0.375,0,3,7,8,False,0,0,7,10,1.0,0.7
PMC11632827,0.3333333333333333,1.0,0.6666666666666667,2,7,6,7,False,0,0,8,10,0.5,0.6
PMC11632862,0.3,1.0,0.7,3,10,10,10,False,0,0,6,10,1.0,1.0
PMC11632864,0.5,0.9,0.4,2,9,4,10,False,0,0,5,10,1.0,0.9
PMC11632873,0.16666666666666666,0.4,0.23333333333333336,1,2,6,5,False,0,0,6,10,1.0,0.9
PMC11633083,0.1,0.5,0.4,1,5,10,10,False,0,0,10,10,0.9,0.1
PMC11633234,0.0,0.0,0.0,0,0,6,6,False,0,0,6,10,0.3333333333333333,0.1
PMC11633847,0.3333333333333333,0.6666666666666666,0.3333333333333333,2,6,6,9,False,0,0,8,8,1.0,1.0
PMC11634551,0.2857142857142857,1.0,0.7142857142857143,2,6,7,6,False,0,0,9,10,1.0,0.8
PMC11634791,0.5,0.8,0.30000000000000004,3,8,6,10,False,0,0,9,10,1.0,0.9
PMC11634849,0.0,0.8571428571428571,0.8571428571428571,0,6,6,7,False,0,0,5,10,1.0,0.8
PMC11635539,0.6,1.0,0.4,3,8,5,8,False,0,0,7,8,1.0,1.0
PMC11635708,0.375,1.0,0.625,3,9,8,9,False,0,0,7,10,1.0,0.7
PMC11635821,0.3333333333333333,1.0,0.6666666666666667,3,9,9,9,False,0,0,5,10,0.8,0.6
PMC11635891,0.3333333333333333,1.0,0.6666666666666667,2,9,6,9,False,0,0,6,10,1.0,0.7
PMC11636133,0.125,0.875,0.75,1,7,8,8,False,0,0,5,10,1.0,0.6
PMC11636667,0.4,0.3333333333333333,-0.06666666666666671,2,2,5,6,False,0,0,5,10,1.0,0.9
PMC11637879,0.2,0.3333333333333333,0.1333333333333333,1,2,5,6,False,0,0,8,10,0.875,0.9
PMC11637885,0.5,0.375,-0.125,4,3,8,8,False,0,0,6,9,1.0,0.4444444444444444
PMC11638052,0.125,0.875,0.75,1,7,8,8,False,0,0,8,8,1.0,0.875
PMC11638211,0.2,1.0,0.8,1,10,5,10,False,0,0,7,10,0.8571428571428571,0.9
PMC11638531,0.16666666666666666,0.6666666666666666,0.5,1,4,6,6,False,0,0,6,10,0.8333333333333334,0.9
PMC11638599,0.0,0.6666666666666666,0.6666666666666666,0,4,6,6,False,0,0,9,10,1.0,0.7
PMC11638642,0.25,1.0,0.75,1,4,4,4,False,0,0,8,9,1.0,0.7777777777777778
PMC11638744,0.4,0.8,0.4,2,4,5,5,False,0,0,6,10,1.0,0.9
PMC11639004,0.0,0.9,0.9,0,9,8,10,False,0,0,6,10,1.0,1.0
PMC11639689,0.2857142857142857,1.0,0.7142857142857143,2,7,7,7,False,0,0,6,10,1.0,0.9
PMC11640520,0.16666666666666666,0.0,-0.16666666666666666,1,0,6,6,False,0,0,10,10,1.0,0.6
PMC11640908,0.3333333333333333,0.0,-0.3333333333333333,3,0,9,7,False,0,0,7,10,1.0,0.4
PMC11642104,0.0,1.0,1.0,0,7,6,7,False,0,0,8,10,0.875,0.8
PMC11642214,0.0,0.14285714285714285,0.14285714285714285,0,1,6,7,False,0,0,6,10,1.0,0.8
PMC11642248,0.0,0.5,0.5,0,4,5,8,False,0,0,7,10,0.7142857142857143,0.8
PMC11642278,0.2,0.7,0.49999999999999994,2,7,10,10,False,0,0,5,10,0.8,0.5
PMC11642678,0.5714285714285714,0.7142857142857143,0.1428571428571429,4,5,7,7,False,0,0,6,10,0.5,0.6
PMC11643412,0.25,0.0,-0.25,2,0,8,8,True,6,2,10,10,1.0,1.0
PMC11645174,0.42857142857142855,0.75,0.32142857142857145,3,6,7,8,False,0,0,7,10,1.0,0.6
PMC11645288,0.1,0.5,0.4,1,5,10,10,True,6,4,6,10,1.0,1.0
PMC11645299,0.6,1.0,0.4,3,5,5,5,False,0,0,5,10,1.0,0.9
PMC11645534,0.4,0.1,-0.30000000000000004,4,1,10,10,False,0,0,6,10,1.0,0.9
PMC11646375,0.6,0.6,0.0,6,6,10,10,False,0,0,10,10,0.9,0.8
PMC11646430,0.75,0.75,0.0,6,6,8,8,False,0,0,6,10,1.0,0.7
PMC11646699,0.42857142857142855,1.0,0.5714285714285714,3,7,7,7,False,0,0,7,10,1.0,1.0
PMC11646740,0.14285714285714285,1.0,0.8571428571428572,1,6,7,6,False,0,0,7,10,1.0,0.9
PMC11646801,0.3,0.8,0.5,3,8,10,10,False,0,0,6,10,1.0,0.9
PMC11646802,0.0,0.7777777777777778,0.7777777777777778,0,7,7,9,False,0,0,8,10,0.875,0.6
PMC11646979,0.0,0.0,0.0,0,0,4,4,True,4,0,8,10,1.0,0.8
PMC11647062,0.75,1.0,0.25,3,7,4,7,False,0,0,9,10,1.0,0.6
PMC11647073,0.2857142857142857,0.7777777777777778,0.4920634920634921,2,7,7,9,False,0,0,7,10,1.0,0.5
PMC11647075,0.6,1.0,0.4,6,9,10,9,False,0,0,5,10,1.0,0.5
PMC11647122,0.25,0.9,0.65,2,9,8,10,False,0,0,6,10,0.8333333333333334,0.5
PMC11647125,0.2857142857142857,0.7142857142857143,0.4285714285714286,2,5,7,7,False,0,0,6,10,1.0,0.7
PMC11647126,0.4166666666666667,0.7,0.28333333333333327,5,7,12,10,False,0,0,7,8,0.8571428571428571,1.0
PMC11647459,0.75,0.8888888888888888,0.13888888888888884,6,8,8,9,False,0,0,7,10,1.0,0.9
PMC11647657,0.6,0.8571428571428571,0.2571428571428571,3,6,5,7,False,0,0,8,10,1.0,0.9
PMC11647658,0.16666666666666666,1.0,0.8333333333333334,1,6,6,6,False,0,0,7,10,1.0,0.7
PMC11648018,0.25,0.625,0.375,2,5,8,8,False,0,0,7,10,0.8571428571428571,0.8
PMC11648041,0.4444444444444444,0.6,0.15555555555555556,4,6,9,10,False,0,0,5,10,0.8,0.6
PMC11648268,0.8571428571428571,1.0,0.1428571428571429,6,7,7,7,True,6,1,5,10,0.4,0.9
PMC11648744,0.5714285714285714,1.0,0.4285714285714286,4,7,7,7,False,0,0,6,10,1.0,0.9
PMC11648763,0.5,0.8,0.30000000000000004,5,8,10,10,True,5,5,8,10,1.0,0.6
PMC11648800,0.8333333333333334,1.0,0.16666666666666663,5,6,6,6,False,0,0,7,10,1.0,0.8
